{"payload":{"installed_packages":["absl-py==1.4.0","asttokens==2.2.1","attrs==23.1.0","backcall==0.2.0","brotlipy==0.7.0","cachetools==5.3.0","certifi==2023.5.7","cffi==1.15.1","chardet==5.1.0","charset-normalizer==2.0.4","colorama==0.4.6","comet-ml==3.33.3","configobj==5.0.8","contourpy==1.0.7","cryptography==39.0.1","cycler==0.11.0","decorator==5.1.1","dulwich==0.21.5","everett==3.1.0","executing==1.2.0","filelock==3.12.0","fonttools==4.39.4","gitdb==4.0.10","gitpython==3.1.31","google-auth-oauthlib==1.0.0","google-auth==2.18.0","grpcio==1.54.2","idna==3.4","importlib-metadata==6.6.0","importlib-resources==5.12.0","ipython==8.13.2","jedi==0.18.2","jinja2==3.1.2","jsonschema==4.17.3","kiwisolver==1.4.4","markdown-it-py==2.2.0","markdown==3.4.3","markupsafe==2.1.1","matplotlib-inline==0.1.6","matplotlib==3.7.1","mdurl==0.1.2","mkl-fft==1.3.6","mkl-random==1.2.2","mkl-service==2.4.0","mpmath==1.2.1","networkx==2.8.4","numpy==1.24.3","oauthlib==3.2.2","opencv-python==4.7.0.72","packaging==23.1","pandas==2.0.1","parso==0.8.3","pickleshare==0.7.5","pillow==9.4.0","pip==23.0.1","prompt-toolkit==3.0.38","protobuf==4.23.0","psutil==5.9.5","pure-eval==0.2.2","pyasn1-modules==0.3.0","pyasn1==0.5.0","pycparser==2.21","pygments==2.15.1","pyopenssl==23.0.0","pyparsing==3.0.9","pyrsistent==0.19.3","pysocks==1.7.1","python-box==6.1.0","python-dateutil==2.8.2","pytz==2023.3","pyyaml==6.0","requests-oauthlib==1.3.1","requests-toolbelt==1.0.0","requests==2.29.0","rich==13.3.5","rsa==4.9","scipy==1.10.1","seaborn==0.12.2","semantic-version==2.10.0","sentry-sdk==1.23.0","setuptools==66.0.0","simplejson==3.19.1","six==1.16.0","smmap==5.0.0","stack-data==0.6.2","sympy==1.11.1","tensorboard-data-server==0.7.0","tensorboard==2.13.0","thop==0.1.1.post2209072238","torch==2.0.1","torchaudio==2.0.2","torchvision==0.15.2","tqdm==4.65.0","traitlets==5.9.0","typing-extensions==4.5.0","tzdata==2023.3","ultralytics==8.0.103","urllib3==1.26.15","wcwidth==0.2.6","websocket-client==1.3.3","werkzeug==2.3.4","wheel==0.38.4","win-inet-pton==1.1.0","wrapt==1.15.0","wurlitzer==3.0.3","zipp==3.15.0"],"local_timestamp":1684337449049},"type":"ws_msg"}
{"payload":{"env_details":{"command":["train.py","--img","640","--epochs","3","--data","coco128.yaml","--weights","yolov5s.pt"],"env":null,"hostname":"DESKTOP-IKMKNBO","ip":"192.168.0.110","machine":"AMD64","os":"Windows-10-10.0.19044-SP0","os_release":"10","os_type":"Windows","pid":27168,"processor":"Intel64 Family 6 Model 62 Stepping 4, GenuineIntel","python_exe":"C:\\Users\\Provonsal\\miniconda3\\envs\\yol\\python.exe","python_version":"3.9.16","python_version_verbose":"3.9.16 (main, Mar  8 2023, 10:39:24) [MSC v.1916 64 bit (AMD64)]","user":"Provonsal"},"local_timestamp":1684337449179},"type":"ws_msg"}
{"payload":{"gpu_static_info":[{"gpu_index":0,"name":"NVIDIA GeForce RTX 3060 Ti","power_limit":200000,"total_memory":8589934592,"uuid":"GPU-d804fe87-e1b9-01a4-a3a0-ea4018096c59"}],"local_timestamp":1684337449277},"type":"ws_msg"}
{"payload":{"local_timestamp":1684337449282,"metric":{"epoch":null,"metricName":"sys.gpu.0.total_memory","metricValue":8589934592,"step":null}},"type":"metric_msg"}
{"payload":{"local_timestamp":1684337449896,"param":{"paramName":"img","paramValue":640,"source":"cli","step":null}},"type":"parameter_msg"}
{"payload":{"local_timestamp":1684337449897,"param":{"paramName":"epochs","paramValue":3,"source":"cli","step":null}},"type":"parameter_msg"}
{"payload":{"local_timestamp":1684337449897,"param":{"paramName":"data","paramValue":"coco128.yaml","source":"cli","step":null}},"type":"parameter_msg"}
{"payload":{"local_timestamp":1684337449897,"param":{"paramName":"weights","paramValue":"yolov5s.pt","source":"cli","step":null}},"type":"parameter_msg"}
{"payload":{"local_timestamp":1684337449897,"metric":{"epoch":null,"metricName":"sys.cpu.percent.avg","metricValue":16.33125,"step":null}},"type":"metric_msg"}
{"payload":{"local_timestamp":1684337449897,"metric":{"epoch":null,"metricName":"sys.load.avg","metricValue":0.0,"step":null}},"type":"metric_msg"}
{"payload":{"local_timestamp":1684337449897,"metric":{"epoch":null,"metricName":"sys.ram.total","metricValue":25686081536,"step":null}},"type":"metric_msg"}
{"payload":{"local_timestamp":1684337449897,"metric":{"epoch":null,"metricName":"sys.ram.used","metricValue":12467724288,"step":null}},"type":"metric_msg"}
{"payload":{"local_timestamp":1684337449898,"log_other":{"key":"offline_experiment","val":true}},"type":"ws_msg"}
{"payload":{"local_timestamp":1684337449903,"metric":{"epoch":null,"metricName":"sys.gpu.0.free_memory","metricValue":6292258816,"step":null}},"type":"metric_msg"}
{"payload":{"local_timestamp":1684337449903,"metric":{"epoch":null,"metricName":"sys.gpu.0.gpu_utilization","metricValue":2,"step":null}},"type":"metric_msg"}
{"payload":{"local_timestamp":1684337449903,"metric":{"epoch":null,"metricName":"sys.gpu.0.power_usage","metricValue":12998,"step":null}},"type":"metric_msg"}
{"payload":{"local_timestamp":1684337449903,"metric":{"epoch":null,"metricName":"sys.gpu.0.temperature","metricValue":42,"step":null}},"type":"metric_msg"}
{"payload":{"local_timestamp":1684337449903,"metric":{"epoch":null,"metricName":"sys.gpu.0.used_memory","metricValue":2297675776,"step":null}},"type":"metric_msg"}
{"payload":{"additional_params":{"assetId":"3c29c7a61b8348a598f74e038a41e1b4","context":null,"extension":"yaml","fileName":"coco128.yaml","overwrite":false,"runId":null,"step":null},"clean":true,"file_path":"tmpw_tlx_9x","local_timestamp":1684337449904,"metadata":{"type":"data-config-file"},"upload_type":"asset"},"type":"file_upload"}
{"payload":{"local_timestamp":1684337449911,"log_other":{"key":"Created from","val":"YOLOv5"}},"type":"ws_msg"}
{"payload":{"local_timestamp":1684337449912,"param":{"paramName":"artifact_alias","paramValue":"latest","source":"manual","step":null}},"type":"parameter_msg"}
{"payload":{"local_timestamp":1684337449912,"param":{"paramName":"batch_size","paramValue":16,"source":"manual","step":null}},"type":"parameter_msg"}
{"payload":{"local_timestamp":1684337449912,"param":{"paramName":"bbox_interval","paramValue":-1,"source":"manual","step":null}},"type":"parameter_msg"}
{"payload":{"local_timestamp":1684337449912,"param":{"paramName":"bucket","paramValue":"","source":"manual","step":null}},"type":"parameter_msg"}
{"payload":{"local_timestamp":1684337449912,"param":{"paramName":"cache","paramValue":null,"source":"manual","step":null}},"type":"parameter_msg"}
{"payload":{"local_timestamp":1684337449912,"param":{"paramName":"cfg","paramValue":"","source":"manual","step":null}},"type":"parameter_msg"}
{"payload":{"local_timestamp":1684337449912,"param":{"paramName":"cos_lr","paramValue":false,"source":"manual","step":null}},"type":"parameter_msg"}
{"payload":{"local_timestamp":1684337449912,"param":{"paramName":"data","paramValue":"C:\\Users\\Provonsal\\source\\repos\\yolov5\\data\\coco128.yaml","source":"manual","step":null}},"type":"parameter_msg"}
{"payload":{"local_timestamp":1684337449913,"param":{"paramName":"device","paramValue":"","source":"manual","step":null}},"type":"parameter_msg"}
{"payload":{"local_timestamp":1684337449913,"param":{"paramName":"entity","paramValue":null,"source":"manual","step":null}},"type":"parameter_msg"}
{"payload":{"local_timestamp":1684337449913,"param":{"paramName":"evolve","paramValue":null,"source":"manual","step":null}},"type":"parameter_msg"}
{"payload":{"local_timestamp":1684337449913,"param":{"paramName":"exist_ok","paramValue":false,"source":"manual","step":null}},"type":"parameter_msg"}
{"payload":{"local_timestamp":1684337449913,"params":{"paramName":"freeze","paramValue":[0],"source":"manual","step":null}},"type":"parameter_msg"}
{"payload":{"local_timestamp":1684337449913,"param":{"paramName":"hyp","paramValue":"{\"anchor_t\": 4.0, \"box\": 0.05, \"cls\": 0.5, \"cls_pw\": 1.0, \"copy_paste\": 0.0, \"degrees\": 0.0, \"fl_gamma\": 0.0, \"fliplr\": 0.5, \"flipud\": 0.0, \"hsv_h\": 0.015, \"hsv_s\": 0.7, \"hsv_v\": 0.4, \"iou_t\": 0.2, \"lr0\": 0.01, \"lrf\": 0.01, \"mixup\": 0.0, \"momentum\": 0.937, \"mosaic\": 1.0, \"obj\": 1.0, \"obj_pw\": 1.0, \"perspective\": 0.0, \"scale\": 0.5, \"shear\": 0.0, \"translate\": 0.1, \"warmup_bias_lr\": 0.1, \"warmup_epochs\": 3.0, \"warmup_momentum\": 0.8, \"weight_decay\": 0.0005}","source":"manual","step":null}},"type":"parameter_msg"}
{"payload":{"local_timestamp":1684337449913,"param":{"paramName":"image_weights","paramValue":false,"source":"manual","step":null}},"type":"parameter_msg"}
{"payload":{"local_timestamp":1684337449913,"param":{"paramName":"imgsz","paramValue":640,"source":"manual","step":null}},"type":"parameter_msg"}
{"payload":{"local_timestamp":1684337449913,"param":{"paramName":"label_smoothing","paramValue":0.0,"source":"manual","step":null}},"type":"parameter_msg"}
{"payload":{"local_timestamp":1684337449913,"param":{"paramName":"local_rank","paramValue":-1,"source":"manual","step":null}},"type":"parameter_msg"}
{"payload":{"local_timestamp":1684337449913,"param":{"paramName":"multi_scale","paramValue":false,"source":"manual","step":null}},"type":"parameter_msg"}
{"payload":{"local_timestamp":1684337449913,"param":{"paramName":"name","paramValue":"exp","source":"manual","step":null}},"type":"parameter_msg"}
{"payload":{"local_timestamp":1684337449913,"param":{"paramName":"noautoanchor","paramValue":false,"source":"manual","step":null}},"type":"parameter_msg"}
{"payload":{"local_timestamp":1684337449913,"param":{"paramName":"noplots","paramValue":false,"source":"manual","step":null}},"type":"parameter_msg"}
{"payload":{"local_timestamp":1684337449913,"param":{"paramName":"nosave","paramValue":false,"source":"manual","step":null}},"type":"parameter_msg"}
{"payload":{"local_timestamp":1684337449913,"param":{"paramName":"noval","paramValue":false,"source":"manual","step":null}},"type":"parameter_msg"}
{"payload":{"local_timestamp":1684337449913,"param":{"paramName":"optimizer","paramValue":"SGD","source":"manual","step":null}},"type":"parameter_msg"}
{"payload":{"local_timestamp":1684337449913,"param":{"paramName":"patience","paramValue":100,"source":"manual","step":null}},"type":"parameter_msg"}
{"payload":{"local_timestamp":1684337449913,"param":{"paramName":"project","paramValue":"runs\\train","source":"manual","step":null}},"type":"parameter_msg"}
{"payload":{"local_timestamp":1684337449913,"param":{"paramName":"quad","paramValue":false,"source":"manual","step":null}},"type":"parameter_msg"}
{"payload":{"local_timestamp":1684337449913,"param":{"paramName":"rect","paramValue":false,"source":"manual","step":null}},"type":"parameter_msg"}
{"payload":{"local_timestamp":1684337449913,"param":{"paramName":"resume","paramValue":false,"source":"manual","step":null}},"type":"parameter_msg"}
{"payload":{"local_timestamp":1684337449913,"param":{"paramName":"save_dir","paramValue":"runs\\train\\exp3","source":"manual","step":null}},"type":"parameter_msg"}
{"payload":{"local_timestamp":1684337449914,"param":{"paramName":"save_period","paramValue":-1,"source":"manual","step":null}},"type":"parameter_msg"}
{"payload":{"local_timestamp":1684337449914,"param":{"paramName":"seed","paramValue":0,"source":"manual","step":null}},"type":"parameter_msg"}
{"payload":{"local_timestamp":1684337449914,"param":{"paramName":"single_cls","paramValue":false,"source":"manual","step":null}},"type":"parameter_msg"}
{"payload":{"local_timestamp":1684337449914,"param":{"paramName":"sync_bn","paramValue":false,"source":"manual","step":null}},"type":"parameter_msg"}
{"payload":{"local_timestamp":1684337449914,"param":{"paramName":"upload_dataset","paramValue":false,"source":"manual","step":null}},"type":"parameter_msg"}
{"payload":{"local_timestamp":1684337449914,"param":{"paramName":"workers","paramValue":8,"source":"manual","step":null}},"type":"parameter_msg"}
{"payload":{"local_timestamp":1684337449914,"param":{"paramName":"anchor_t","paramValue":4.0,"source":"manual","step":null}},"type":"parameter_msg"}
{"payload":{"local_timestamp":1684337449914,"param":{"paramName":"box","paramValue":0.05,"source":"manual","step":null}},"type":"parameter_msg"}
{"payload":{"local_timestamp":1684337449914,"param":{"paramName":"cls","paramValue":0.5,"source":"manual","step":null}},"type":"parameter_msg"}
{"payload":{"local_timestamp":1684337449914,"param":{"paramName":"cls_pw","paramValue":1.0,"source":"manual","step":null}},"type":"parameter_msg"}
{"payload":{"local_timestamp":1684337449914,"param":{"paramName":"copy_paste","paramValue":0.0,"source":"manual","step":null}},"type":"parameter_msg"}
{"payload":{"local_timestamp":1684337449914,"param":{"paramName":"degrees","paramValue":0.0,"source":"manual","step":null}},"type":"parameter_msg"}
{"payload":{"local_timestamp":1684337449914,"param":{"paramName":"fl_gamma","paramValue":0.0,"source":"manual","step":null}},"type":"parameter_msg"}
{"payload":{"local_timestamp":1684337449914,"param":{"paramName":"fliplr","paramValue":0.5,"source":"manual","step":null}},"type":"parameter_msg"}
{"payload":{"local_timestamp":1684337449914,"param":{"paramName":"flipud","paramValue":0.0,"source":"manual","step":null}},"type":"parameter_msg"}
{"payload":{"local_timestamp":1684337449914,"param":{"paramName":"hsv_h","paramValue":0.015,"source":"manual","step":null}},"type":"parameter_msg"}
{"payload":{"local_timestamp":1684337449914,"param":{"paramName":"hsv_s","paramValue":0.7,"source":"manual","step":null}},"type":"parameter_msg"}
{"payload":{"local_timestamp":1684337449914,"param":{"paramName":"hsv_v","paramValue":0.4,"source":"manual","step":null}},"type":"parameter_msg"}
{"payload":{"local_timestamp":1684337449914,"param":{"paramName":"iou_t","paramValue":0.2,"source":"manual","step":null}},"type":"parameter_msg"}
{"payload":{"local_timestamp":1684337449914,"param":{"paramName":"lr0","paramValue":0.01,"source":"manual","step":null}},"type":"parameter_msg"}
{"payload":{"local_timestamp":1684337449914,"param":{"paramName":"lrf","paramValue":0.01,"source":"manual","step":null}},"type":"parameter_msg"}
{"payload":{"local_timestamp":1684337449914,"param":{"paramName":"mixup","paramValue":0.0,"source":"manual","step":null}},"type":"parameter_msg"}
{"payload":{"local_timestamp":1684337449914,"param":{"paramName":"momentum","paramValue":0.937,"source":"manual","step":null}},"type":"parameter_msg"}
{"payload":{"local_timestamp":1684337449914,"param":{"paramName":"mosaic","paramValue":1.0,"source":"manual","step":null}},"type":"parameter_msg"}
{"payload":{"local_timestamp":1684337449914,"param":{"paramName":"obj","paramValue":1.0,"source":"manual","step":null}},"type":"parameter_msg"}
{"payload":{"local_timestamp":1684337449914,"param":{"paramName":"obj_pw","paramValue":1.0,"source":"manual","step":null}},"type":"parameter_msg"}
{"payload":{"local_timestamp":1684337449914,"param":{"paramName":"perspective","paramValue":0.0,"source":"manual","step":null}},"type":"parameter_msg"}
{"payload":{"local_timestamp":1684337449914,"param":{"paramName":"scale","paramValue":0.5,"source":"manual","step":null}},"type":"parameter_msg"}
{"payload":{"local_timestamp":1684337449914,"param":{"paramName":"shear","paramValue":0.0,"source":"manual","step":null}},"type":"parameter_msg"}
{"payload":{"local_timestamp":1684337449914,"param":{"paramName":"translate","paramValue":0.1,"source":"manual","step":null}},"type":"parameter_msg"}
{"payload":{"local_timestamp":1684337449914,"param":{"paramName":"warmup_bias_lr","paramValue":0.1,"source":"manual","step":null}},"type":"parameter_msg"}
{"payload":{"local_timestamp":1684337449914,"param":{"paramName":"warmup_epochs","paramValue":3.0,"source":"manual","step":null}},"type":"parameter_msg"}
{"payload":{"local_timestamp":1684337449915,"param":{"paramName":"warmup_momentum","paramValue":0.8,"source":"manual","step":null}},"type":"parameter_msg"}
{"payload":{"local_timestamp":1684337449915,"param":{"paramName":"weight_decay","paramValue":0.0005,"source":"manual","step":null}},"type":"parameter_msg"}
{"payload":{"additional_params":{"assetId":"252bc10a7ea94a4197b805cf7ed82acc","context":null,"epoch":null,"extension":"json","fileName":"hyperparameters.json","overwrite":false,"runId":null,"step":null},"clean":true,"file_path":"tmprrvvvaj8","local_timestamp":1684337449936,"metadata":{"type":"hyp-config-file"},"upload_type":"asset"},"type":"file_upload"}
{"payload":{"additional_params":{"assetId":"e2c9bdac38a9463fafd8ea6878b5d9cd","context":null,"extension":"yaml","fileName":"opt.yaml","overwrite":false,"runId":null,"step":null},"clean":true,"file_path":"tmpr2c8ebgd","local_timestamp":1684337449925,"metadata":{"type":"opt-config-file"},"upload_type":"asset"},"type":"file_upload"}
{"payload":{"local_timestamp":1684337449925,"param":{"paramName":"val_conf_threshold","paramValue":0.001,"source":"manual","step":null}},"type":"parameter_msg"}
{"payload":{"local_timestamp":1684337449925,"param":{"paramName":"val_iou_threshold","paramValue":0.6,"source":"manual","step":null}},"type":"parameter_msg"}
{"payload":{"local_timestamp":1684337449925,"log_other":{"key":"comet_mode","val":"online"}},"type":"ws_msg"}
{"payload":{"local_timestamp":1684337449925,"log_other":{"key":"comet_max_image_uploads","val":100}},"type":"ws_msg"}
{"payload":{"local_timestamp":1684337449925,"log_other":{"key":"comet_log_per_class_metrics","val":false}},"type":"ws_msg"}
{"payload":{"local_timestamp":1684337449925,"log_other":{"key":"comet_log_batch_metrics","val":false}},"type":"ws_msg"}
{"payload":{"local_timestamp":1684337449925,"log_other":{"key":"comet_log_confusion_matrix","val":true}},"type":"ws_msg"}
{"payload":{"local_timestamp":1684337449925,"log_other":{"key":"comet_model_name","val":"yolov5"}},"type":"ws_msg"}
{"payload":{"local_timestamp":1684337450024,"stderr":true,"stdout":"Overriding model.yaml nc=80 with nc=1\n"},"type":"ws_msg"}
{"payload":{"local_timestamp":1684337450026,"stderr":true,"stdout":"\n                 from  n    params  module                                  arguments                     \n"},"type":"ws_msg"}
{"payload":{"local_timestamp":1684337450027,"stderr":true,"stdout":"  0                -1  1      3520  models.common.Conv                      [3, 32, 6, 2, 2]              \n"},"type":"ws_msg"}
{"payload":{"local_timestamp":1684337450028,"stderr":true,"stdout":"  1                -1  1     18560  models.common.Conv                      [32, 64, 3, 2]                \n"},"type":"ws_msg"}
{"payload":{"local_timestamp":1684337450031,"stderr":true,"stdout":"  2                -1  1     18816  models.common.C3                        [64, 64, 1]                   \n"},"type":"ws_msg"}
{"payload":{"local_timestamp":1684337450033,"stderr":true,"stdout":"  3                -1  1     73984  models.common.Conv                      [64, 128, 3, 2]               \n"},"type":"ws_msg"}
{"payload":{"local_timestamp":1684337450042,"stderr":true,"stdout":"  4                -1  2    115712  models.common.C3                        [128, 128, 2]                 \n"},"type":"ws_msg"}
{"payload":{"local_timestamp":1684337450046,"stderr":true,"stdout":"  5                -1  1    295424  models.common.Conv                      [128, 256, 3, 2]              \n"},"type":"ws_msg"}
{"payload":{"local_timestamp":1684337450061,"stderr":true,"stdout":"  6                -1  3    625152  models.common.C3                        [256, 256, 3]                 \n"},"type":"ws_msg"}
{"payload":{"local_timestamp":1684337450072,"stderr":true,"stdout":"  7                -1  1   1180672  models.common.Conv                      [256, 512, 3, 2]              \n"},"type":"ws_msg"}
{"payload":{"local_timestamp":1684337450087,"stderr":true,"stdout":"  8                -1  1   1182720  models.common.C3                        [512, 512, 1]                 \n"},"type":"ws_msg"}
{"payload":{"local_timestamp":1684337450095,"stderr":true,"stdout":"  9                -1  1    656896  models.common.SPPF                      [512, 512, 5]                 \n"},"type":"ws_msg"}
{"payload":{"local_timestamp":1684337450098,"stderr":true,"stdout":" 10                -1  1    131584  models.common.Conv                      [512, 256, 1, 1]              \n"},"type":"ws_msg"}
{"payload":{"local_timestamp":1684337450100,"stderr":true,"stdout":" 11                -1  1         0  torch.nn.modules.upsampling.Upsample    [None, 2, 'nearest']          \n"},"type":"ws_msg"}
{"payload":{"local_timestamp":1684337450101,"stderr":true,"stdout":" 12           [-1, 6]  1         0  models.common.Concat                    [1]                           \n"},"type":"ws_msg"}
{"payload":{"local_timestamp":1684337450109,"stderr":true,"stdout":" 13                -1  1    361984  models.common.C3                        [512, 256, 1, False]          \n"},"type":"ws_msg"}
{"payload":{"local_timestamp":1684337450111,"stderr":true,"stdout":" 14                -1  1     33024  models.common.Conv                      [256, 128, 1, 1]              \n"},"type":"ws_msg"}
{"payload":{"local_timestamp":1684337450112,"stderr":true,"stdout":" 15                -1  1         0  torch.nn.modules.upsampling.Upsample    [None, 2, 'nearest']          \n"},"type":"ws_msg"}
{"payload":{"local_timestamp":1684337450113,"stderr":true,"stdout":" 16           [-1, 4]  1         0  models.common.Concat                    [1]                           \n"},"type":"ws_msg"}
{"payload":{"local_timestamp":1684337450120,"stderr":true,"stdout":" 17                -1  1     90880  models.common.C3                        [256, 128, 1, False]          \n"},"type":"ws_msg"}
{"payload":{"local_timestamp":1684337450123,"stderr":true,"stdout":" 18                -1  1    147712  models.common.Conv                      [128, 128, 3, 2]              \n"},"type":"ws_msg"}
{"payload":{"local_timestamp":1684337450124,"stderr":true,"stdout":" 19          [-1, 14]  1         0  models.common.Concat                    [1]                           \n"},"type":"ws_msg"}
{"payload":{"local_timestamp":1684337450132,"stderr":true,"stdout":" 20                -1  1    296448  models.common.C3                        [256, 256, 1, False]          \n"},"type":"ws_msg"}
{"payload":{"local_timestamp":1684337450138,"stderr":true,"stdout":" 21                -1  1    590336  models.common.Conv                      [256, 256, 3, 2]              \n"},"type":"ws_msg"}
{"payload":{"local_timestamp":1684337450139,"stderr":true,"stdout":" 22          [-1, 10]  1         0  models.common.Concat                    [1]                           \n"},"type":"ws_msg"}
{"payload":{"local_timestamp":1684337450155,"stderr":true,"stdout":" 23                -1  1   1182720  models.common.C3                        [512, 512, 1, False]          \n"},"type":"ws_msg"}
{"payload":{"local_timestamp":1684337450158,"stderr":true,"stdout":" 24      [17, 20, 23]  1     16182  models.yolo.Detect                      [1, [[10, 13, 16, 30, 33, 23], [30, 61, 62, 45, 59, 119], [116, 90, 156, 198, 373, 326]], [128, 256, 512]]\n"},"type":"ws_msg"}
{"payload":{"local_timestamp":1684337450607,"stderr":true,"stdout":"Model summary: 214 layers, 7022326 parameters, 7022326 gradients, 15.9 GFLOPs\n"},"type":"ws_msg"}
{"payload":{"local_timestamp":1684337450608,"stderr":true,"stdout":"\n"},"type":"ws_msg"}
{"payload":{"git_meta":{"branch":"refs/heads/master","origin":"https://github.com/ultralytics/yolov5.git","parent":"ec2b8538cdf1ec3a37f7f2ffff4d591f322cc410","repo_name":"yolov5","root":"1e84a23f38fad9e52b59101e9f1246d93066ed1e","status":null,"user":"Provonsal"},"local_timestamp":1684337450831},"type":"ws_msg"}
{"payload":{"local_timestamp":1684337450846,"stderr":true,"stdout":"\u001b[1;38;5;214mCOMET WARNING:\u001b[0m Unknown error exporting current conda environment\n"},"type":"ws_msg"}
{"payload":{"local_timestamp":1684337450856,"stderr":true,"stdout":"\u001b[1;38;5;214mCOMET WARNING:\u001b[0m Unknown error retrieving Conda package as an explicit file\n"},"type":"ws_msg"}
{"payload":{"local_timestamp":1684337450861,"stderr":true,"stdout":"\u001b[1;38;5;214mCOMET WARNING:\u001b[0m Unknown error retrieving Conda information\n"},"type":"ws_msg"}
{"payload":{"local_timestamp":1684337450950,"stderr":true,"stdout":"Transferred 343/349 items from yolov5s.pt\n"},"type":"ws_msg"}
{"payload":{"local_timestamp":1684337455839,"stderr":true,"stdout":"\u001b[34m\u001b[1mAMP: \u001b[0mchecks passed \n"},"type":"ws_msg"}
{"payload":{"local_timestamp":1684337455842,"stderr":true,"stdout":"\u001b[34m\u001b[1moptimizer:\u001b[0m SGD(lr=0.01) with parameter groups 57 weight(decay=0.0), 60 weight(decay=0.0005), 60 bias\n"},"type":"ws_msg"}
{"payload":{"local_timestamp":1684337455939,"stderr":true,"stdout":"\r\u001b[34m\u001b[1mtrain: \u001b[0mScanning D:\\vajnoe\\python_projects\\data_yolo\\labels.cache... 19 images, 0 backgrounds, 0 corrupt: 100%|\u2588\u2588\u2588\u2588\u2588\u2588\u2588\u2588\u2588\u001b[0m"},"type":"ws_msg"}
{"payload":{"local_timestamp":1684337455940,"stderr":true,"stdout":"\r\u001b[34m\u001b[1mtrain: \u001b[0mScanning D:\\vajnoe\\python_projects\\data_yolo\\labels.cache... 19 images, 0 backgrounds, 0 corrupt: 100%|\u2588\u2588\u2588\u2588\u2588\u2588\u2588\u2588\u2588\u001b[0m"},"type":"ws_msg"}
{"payload":{"local_timestamp":1684337455940,"stderr":true,"stdout":"\n"},"type":"ws_msg"}
{"payload":{"local_timestamp":1684337457024,"stderr":true,"stdout":"\r\u001b[34m\u001b[1mval: \u001b[0mScanning D:\\vajnoe\\python_projects\\data_yolo\\labels.cache... 19 images, 0 backgrounds, 0 corrupt: 100%|\u2588\u2588\u2588\u2588\u2588\u2588\u2588\u2588\u2588\u2588|\u001b[0m"},"type":"ws_msg"}
{"payload":{"local_timestamp":1684337457026,"stderr":true,"stdout":"\r\u001b[34m\u001b[1mval: \u001b[0mScanning D:\\vajnoe\\python_projects\\data_yolo\\labels.cache... 19 images, 0 backgrounds, 0 corrupt: 100%|\u2588\u2588\u2588\u2588\u2588\u2588\u2588\u2588\u2588\u2588|\u001b[0m"},"type":"ws_msg"}
{"payload":{"local_timestamp":1684337457026,"stderr":true,"stdout":"\n"},"type":"ws_msg"}
{"payload":{"local_timestamp":1684337464185,"stderr":true,"stdout":"\n\u001b[34m\u001b[1mAutoAnchor: \u001b[0m5.94 anchors/target, 1.000 Best Possible Recall (BPR). Current anchors are a good fit to dataset \n"},"type":"ws_msg"}
{"payload":{"local_timestamp":1684337464286,"stderr":true,"stdout":"Plotting labels to runs\\train\\exp3\\labels.jpg... \n"},"type":"ws_msg"}
{"payload":{"additional_params":{"assetId":"b57df0743bfe4c58baf0c44eaeb3dba8","context":null,"extension":"jpg","fileName":"labels.jpg","overwrite":false,"runId":null,"step":null},"clean":true,"file_path":"tmp4s943i8j","local_timestamp":1684337474152,"metadata":{},"upload_type":"asset"},"type":"file_upload"}
{"payload":{"additional_params":{"assetId":"2b0134a0e6af445093815c70eada2d6d","context":null,"extension":"jpg","fileName":"labels_correlogram.jpg","overwrite":false,"runId":null,"step":null},"clean":true,"file_path":"tmpkdn57wiu","local_timestamp":1684337474172,"metadata":{},"upload_type":"asset"},"type":"file_upload"}
{"payload":{"local_timestamp":1684337474175,"param":{"paramName":"cls","paramValue":0.006250000000000001,"source":"manual","step":null}},"type":"parameter_msg"}
{"payload":{"local_timestamp":1684337474177,"stderr":true,"stdout":"Image sizes 640 train, 640 val\nUsing 8 dataloader workers\nLogging results to \u001b[1mruns\\train\\exp3\u001b[0m\nStarting training for 3 epochs...\n"},"type":"ws_msg"}
{"payload":{"local_timestamp":1684337474182,"stderr":true,"stdout":"\n      Epoch    GPU_mem   box_loss   obj_loss   cls_loss  Instances       Size\n"},"type":"ws_msg"}
{"payload":{"local_timestamp":1684337474183,"stderr":true,"stdout":"\r  0%|          | 0/2 [00:00<?, ?it/s]"},"type":"ws_msg"}
{"payload":{"local_timestamp":1684337494989,"stderr":true,"stdout":"\r  0%|          | 0/2 [00:20<?, ?it/s]"},"type":"ws_msg"}
{"payload":{"local_timestamp":1684337494989,"stderr":true,"stdout":"\n"},"type":"ws_msg"}
{"payload":{"local_timestamp":1684337495002,"stderr":true,"stdout":"Traceback (most recent call last):\n"},"type":"ws_msg"}
{"payload":{"local_timestamp":1684337495011,"stderr":true,"stdout":"  File \"c:\\Users\\Provonsal\\source\\repos\\yolov5\\train.py\", line 642, in <module>\n"},"type":"ws_msg"}
{"payload":{"local_timestamp":1684337495012,"stderr":true,"stdout":"    "},"type":"ws_msg"}
{"payload":{"local_timestamp":1684337495012,"stderr":true,"stdout":"main(opt)"},"type":"ws_msg"}
{"payload":{"local_timestamp":1684337495013,"stderr":true,"stdout":"\n"},"type":"ws_msg"}
{"payload":{"local_timestamp":1684337495014,"stderr":true,"stdout":"  File \"c:\\Users\\Provonsal\\source\\repos\\yolov5\\train.py\", line 531, in main\n"},"type":"ws_msg"}
{"payload":{"local_timestamp":1684337495015,"stderr":true,"stdout":"    "},"type":"ws_msg"}
{"payload":{"local_timestamp":1684337495016,"stderr":true,"stdout":"train(opt.hyp, opt, device, callbacks)"},"type":"ws_msg"}
{"payload":{"local_timestamp":1684337495017,"stderr":true,"stdout":"\n"},"type":"ws_msg"}
{"payload":{"local_timestamp":1684337495020,"stderr":true,"stdout":"  File \"c:\\Users\\Provonsal\\source\\repos\\yolov5\\train.py\", line 312, in train\n"},"type":"ws_msg"}
{"payload":{"local_timestamp":1684337495022,"stderr":true,"stdout":"    "},"type":"ws_msg"}
{"payload":{"local_timestamp":1684337495022,"stderr":true,"stdout":"pred = model(imgs)  # forward"},"type":"ws_msg"}
{"payload":{"local_timestamp":1684337495024,"stderr":true,"stdout":"\n"},"type":"ws_msg"}
{"payload":{"local_timestamp":1684337495025,"stderr":true,"stdout":"  File \"C:\\Users\\Provonsal\\miniconda3\\envs\\yol\\lib\\site-packages\\torch\\nn\\modules\\module.py\", line 1501, in _call_impl\n"},"type":"ws_msg"}
{"payload":{"local_timestamp":1684337495029,"stderr":true,"stdout":"    "},"type":"ws_msg"}
{"payload":{"local_timestamp":1684337495029,"stderr":true,"stdout":"return forward_call(*args, **kwargs)"},"type":"ws_msg"}
{"payload":{"local_timestamp":1684337495029,"stderr":true,"stdout":"\n"},"type":"ws_msg"}
{"payload":{"local_timestamp":1684337495030,"stderr":true,"stdout":"  File \"c:\\Users\\Provonsal\\source\\repos\\yolov5\\models\\yolo.py\", line 209, in forward\n"},"type":"ws_msg"}
{"payload":{"local_timestamp":1684337495032,"stderr":true,"stdout":"    "},"type":"ws_msg"}
{"payload":{"local_timestamp":1684337495032,"stderr":true,"stdout":"return self._forward_once(x, profile, visualize)  # single-scale inference, train"},"type":"ws_msg"}
{"payload":{"local_timestamp":1684337495036,"stderr":true,"stdout":"\n"},"type":"ws_msg"}
{"payload":{"local_timestamp":1684337495038,"stderr":true,"stdout":"  File \"c:\\Users\\Provonsal\\source\\repos\\yolov5\\models\\yolo.py\", line 121, in _forward_once\n"},"type":"ws_msg"}
{"payload":{"local_timestamp":1684337495039,"stderr":true,"stdout":"    "},"type":"ws_msg"}
{"payload":{"local_timestamp":1684337495039,"stderr":true,"stdout":"x = m(x)  # run"},"type":"ws_msg"}
{"payload":{"local_timestamp":1684337495039,"stderr":true,"stdout":"\n"},"type":"ws_msg"}
{"payload":{"local_timestamp":1684337495040,"stderr":true,"stdout":"  File \"C:\\Users\\Provonsal\\miniconda3\\envs\\yol\\lib\\site-packages\\torch\\nn\\modules\\module.py\", line 1501, in _call_impl\n"},"type":"ws_msg"}
{"payload":{"local_timestamp":1684337495042,"stderr":true,"stdout":"    "},"type":"ws_msg"}
{"payload":{"local_timestamp":1684337495042,"stderr":true,"stdout":"return forward_call(*args, **kwargs)"},"type":"ws_msg"}
{"payload":{"local_timestamp":1684337495042,"stderr":true,"stdout":"\n"},"type":"ws_msg"}
{"payload":{"local_timestamp":1684337495043,"stderr":true,"stdout":"  File \"c:\\Users\\Provonsal\\source\\repos\\yolov5\\models\\common.py\", line 56, in forward\n"},"type":"ws_msg"}
{"payload":{"local_timestamp":1684337495044,"stderr":true,"stdout":"    "},"type":"ws_msg"}
{"payload":{"local_timestamp":1684337495044,"stderr":true,"stdout":"return self.act(self.bn(self.conv(x)))"},"type":"ws_msg"}
{"payload":{"local_timestamp":1684337495044,"stderr":true,"stdout":"\n"},"type":"ws_msg"}
{"payload":{"local_timestamp":1684337495046,"stderr":true,"stdout":"  File \"C:\\Users\\Provonsal\\miniconda3\\envs\\yol\\lib\\site-packages\\torch\\nn\\modules\\module.py\", line 1501, in _call_impl\n"},"type":"ws_msg"}
{"payload":{"local_timestamp":1684337495048,"stderr":true,"stdout":"    "},"type":"ws_msg"}
{"payload":{"local_timestamp":1684337495048,"stderr":true,"stdout":"return forward_call(*args, **kwargs)"},"type":"ws_msg"}
{"payload":{"local_timestamp":1684337495049,"stderr":true,"stdout":"\n"},"type":"ws_msg"}
{"payload":{"local_timestamp":1684337495050,"stderr":true,"stdout":"  File \"C:\\Users\\Provonsal\\miniconda3\\envs\\yol\\lib\\site-packages\\torch\\nn\\modules\\batchnorm.py\", line 171, in forward\n"},"type":"ws_msg"}
{"payload":{"local_timestamp":1684337495053,"stderr":true,"stdout":"    "},"type":"ws_msg"}
{"payload":{"local_timestamp":1684337495053,"stderr":true,"stdout":"return F.batch_norm("},"type":"ws_msg"}
{"payload":{"local_timestamp":1684337495055,"stderr":true,"stdout":"\n"},"type":"ws_msg"}
{"payload":{"local_timestamp":1684337495057,"stderr":true,"stdout":"  File \"C:\\Users\\Provonsal\\miniconda3\\envs\\yol\\lib\\site-packages\\torch\\nn\\functional.py\", line 2450, in batch_norm\n"},"type":"ws_msg"}
{"payload":{"local_timestamp":1684337495060,"stderr":true,"stdout":"    "},"type":"ws_msg"}
{"payload":{"local_timestamp":1684337495060,"stderr":true,"stdout":"return torch.batch_norm("},"type":"ws_msg"}
{"payload":{"local_timestamp":1684337495061,"stderr":true,"stdout":"\n"},"type":"ws_msg"}
{"payload":{"local_timestamp":1684337495061,"stderr":true,"stdout":"RuntimeError"},"type":"ws_msg"}
{"payload":{"local_timestamp":1684337495062,"stderr":true,"stdout":": "},"type":"ws_msg"}
{"payload":{"local_timestamp":1684337495062,"stderr":true,"stdout":"cuDNN error: CUDNN_STATUS_EXECUTION_FAILED"},"type":"ws_msg"}
{"payload":{"local_timestamp":1684337495063,"stderr":true,"stdout":"\n"},"type":"ws_msg"}
{"payload":{"local_timestamp":1684337495070,"stderr":true,"stdout":"\u001b[1;38;5;39mCOMET INFO:\u001b[0m ---------------------------------------------------------------------------------------\n"},"type":"ws_msg"}
{"payload":{"local_timestamp":1684337495081,"stderr":true,"stdout":"\u001b[1;38;5;39mCOMET INFO:\u001b[0m Comet.ml OfflineExperiment Summary\n"},"type":"ws_msg"}
{"payload":{"local_timestamp":1684337495086,"stderr":true,"stdout":"\u001b[1;38;5;39mCOMET INFO:\u001b[0m ---------------------------------------------------------------------------------------\n"},"type":"ws_msg"}
{"payload":{"local_timestamp":1684337495090,"stderr":true,"stdout":"\u001b[1;38;5;39mCOMET INFO:\u001b[0m   Data:\n"},"type":"ws_msg"}
{"payload":{"local_timestamp":1684337495091,"stderr":true,"stdout":"\u001b[1;38;5;39mCOMET INFO:\u001b[0m     display_summary_level : 1\n"},"type":"ws_msg"}
{"payload":{"local_timestamp":1684337495093,"stderr":true,"stdout":"\u001b[1;38;5;39mCOMET INFO:\u001b[0m     url                   : [OfflineExperiment will get URL after upload]\n"},"type":"ws_msg"}
{"payload":{"local_timestamp":1684337495095,"stderr":true,"stdout":"\u001b[1;38;5;39mCOMET INFO:\u001b[0m   Others:\n"},"type":"ws_msg"}
{"payload":{"local_timestamp":1684337495098,"stderr":true,"stdout":"\u001b[1;38;5;39mCOMET INFO:\u001b[0m     Created from                : YOLOv5\n"},"type":"ws_msg"}
{"payload":{"local_timestamp":1684337495099,"stderr":true,"stdout":"\u001b[1;38;5;39mCOMET INFO:\u001b[0m     comet_log_batch_metrics     : False\n"},"type":"ws_msg"}
{"payload":{"local_timestamp":1684337495101,"stderr":true,"stdout":"\u001b[1;38;5;39mCOMET INFO:\u001b[0m     comet_log_confusion_matrix  : True\n"},"type":"ws_msg"}
{"payload":{"local_timestamp":1684337495105,"stderr":true,"stdout":"\u001b[1;38;5;39mCOMET INFO:\u001b[0m     comet_log_per_class_metrics : False\n"},"type":"ws_msg"}
{"payload":{"local_timestamp":1684337495106,"stderr":true,"stdout":"\u001b[1;38;5;39mCOMET INFO:\u001b[0m     comet_max_image_uploads     : 100\n"},"type":"ws_msg"}
{"payload":{"local_timestamp":1684337495107,"stderr":true,"stdout":"\u001b[1;38;5;39mCOMET INFO:\u001b[0m     comet_mode                  : online\n"},"type":"ws_msg"}
{"payload":{"local_timestamp":1684337495108,"stderr":true,"stdout":"\u001b[1;38;5;39mCOMET INFO:\u001b[0m     comet_model_name            : yolov5\n"},"type":"ws_msg"}
{"payload":{"local_timestamp":1684337495109,"stderr":true,"stdout":"\u001b[1;38;5;39mCOMET INFO:\u001b[0m     offline_experiment          : True\n"},"type":"ws_msg"}
{"payload":{"local_timestamp":1684337495110,"stderr":true,"stdout":"\u001b[1;38;5;39mCOMET INFO:\u001b[0m   Parameters:\n"},"type":"ws_msg"}
{"payload":{"local_timestamp":1684337495111,"stderr":true,"stdout":"\u001b[1;38;5;39mCOMET INFO:\u001b[0m     anchor_t           : 4.0\n"},"type":"ws_msg"}
{"payload":{"local_timestamp":1684337495112,"stderr":true,"stdout":"\u001b[1;38;5;39mCOMET INFO:\u001b[0m     artifact_alias     : latest\n"},"type":"ws_msg"}
{"payload":{"local_timestamp":1684337495121,"stderr":true,"stdout":"\u001b[1;38;5;39mCOMET INFO:\u001b[0m     batch_size         : 16\n"},"type":"ws_msg"}
{"payload":{"local_timestamp":1684337495125,"stderr":true,"stdout":"\u001b[1;38;5;39mCOMET INFO:\u001b[0m     bbox_interval      : -1\n"},"type":"ws_msg"}
{"payload":{"local_timestamp":1684337495126,"stderr":true,"stdout":"\u001b[1;38;5;39mCOMET INFO:\u001b[0m     box                : 0.05\n"},"type":"ws_msg"}
{"payload":{"local_timestamp":1684337495128,"stderr":true,"stdout":"\u001b[1;38;5;39mCOMET INFO:\u001b[0m     bucket             : \n"},"type":"ws_msg"}
{"payload":{"local_timestamp":1684337495131,"stderr":true,"stdout":"\u001b[1;38;5;39mCOMET INFO:\u001b[0m     cache              : 1\n"},"type":"ws_msg"}
{"payload":{"local_timestamp":1684337495162,"stderr":true,"stdout":"\u001b[1;38;5;39mCOMET INFO:\u001b[0m     cfg                : \n"},"type":"ws_msg"}
{"payload":{"local_timestamp":1684337495184,"stderr":true,"stdout":"\u001b[1;38;5;39mCOMET INFO:\u001b[0m     cls                : 0.006250000000000001\n"},"type":"ws_msg"}
{"payload":{"local_timestamp":1684337495194,"stderr":true,"stdout":"\u001b[1;38;5;39mCOMET INFO:\u001b[0m     cls_pw             : 1.0\n"},"type":"ws_msg"}
{"payload":{"local_timestamp":1684337495200,"stderr":true,"stdout":"\u001b[1;38;5;39mCOMET INFO:\u001b[0m     copy_paste         : 0.0\n"},"type":"ws_msg"}
{"payload":{"local_timestamp":1684337495210,"stderr":true,"stdout":"\u001b[1;38;5;39mCOMET INFO:\u001b[0m     cos_lr             : False\n"},"type":"ws_msg"}
{"payload":{"local_timestamp":1684337495214,"stderr":true,"stdout":"\u001b[1;38;5;39mCOMET INFO:\u001b[0m     degrees            : 0.0\n"},"type":"ws_msg"}
{"payload":{"local_timestamp":1684337495218,"stderr":true,"stdout":"\u001b[1;38;5;39mCOMET INFO:\u001b[0m     device             : \n"},"type":"ws_msg"}
{"payload":{"local_timestamp":1684337495221,"stderr":true,"stdout":"\u001b[1;38;5;39mCOMET INFO:\u001b[0m     entity             : 1\n"},"type":"ws_msg"}
{"payload":{"local_timestamp":1684337495221,"stderr":true,"stdout":"\u001b[1;38;5;39mCOMET INFO:\u001b[0m     evolve             : 1\n"},"type":"ws_msg"}
{"payload":{"local_timestamp":1684337495226,"stderr":true,"stdout":"\u001b[1;38;5;39mCOMET INFO:\u001b[0m     exist_ok           : False\n"},"type":"ws_msg"}
{"payload":{"local_timestamp":1684337495241,"stderr":true,"stdout":"\u001b[1;38;5;39mCOMET INFO:\u001b[0m     fl_gamma           : 0.0\n"},"type":"ws_msg"}
{"payload":{"local_timestamp":1684337495243,"stderr":true,"stdout":"\u001b[1;38;5;39mCOMET INFO:\u001b[0m     fliplr             : 0.5\n"},"type":"ws_msg"}
{"payload":{"local_timestamp":1684337495249,"stderr":true,"stdout":"\u001b[1;38;5;39mCOMET INFO:\u001b[0m     flipud             : 0.0\n"},"type":"ws_msg"}
{"payload":{"local_timestamp":1684337495274,"stderr":true,"stdout":"\u001b[1;38;5;39mCOMET INFO:\u001b[0m     freeze             : [0]\n"},"type":"ws_msg"}
{"payload":{"local_timestamp":1684337495276,"stderr":true,"stdout":"\u001b[1;38;5;39mCOMET INFO:\u001b[0m     hsv_h              : 0.015\n"},"type":"ws_msg"}
{"payload":{"local_timestamp":1684337495289,"stderr":true,"stdout":"\u001b[1;38;5;39mCOMET INFO:\u001b[0m     hsv_s              : 0.7\n"},"type":"ws_msg"}
{"payload":{"local_timestamp":1684337495293,"stderr":true,"stdout":"\u001b[1;38;5;39mCOMET INFO:\u001b[0m     hsv_v              : 0.4\n"},"type":"ws_msg"}
{"payload":{"local_timestamp":1684337495295,"stderr":true,"stdout":"\u001b[1;38;5;39mCOMET INFO:\u001b[0m     hyp                : {\"anchor_t\": 4.0, \"box\": 0.05, \"cls\": 0.5, \"cls_pw\": 1.0, \"copy_paste\": 0.0, \"degrees\": 0.0, \"fl_gamma\": 0.0, \"fliplr\": 0.5, \"flipud\": 0.0, \"hsv_h\": 0.015, \"hsv_s\": 0.7, \"hsv_v\": 0.4, \"iou_t\": 0.2, \"lr0\": 0.01, \"lrf\": 0.01, \"mixup\": 0.0, \"momentum\": 0.937, \"mosaic\": 1.0, \"obj\": 1.0, \"obj_pw\": 1.0, \"perspective\": 0.0, \"scale\": 0.5, \"shear\": 0.0, \"translate\": 0.1, \"warmup_bias_lr\": 0.1, \"warmup_epochs\": 3.0, \"warmup_momentum\": 0.8, \"weight_decay\": 0.0005}\n"},"type":"ws_msg"}
{"payload":{"local_timestamp":1684337495296,"stderr":true,"stdout":"\u001b[1;38;5;39mCOMET INFO:\u001b[0m     image_weights      : False\n"},"type":"ws_msg"}
{"payload":{"local_timestamp":1684337495298,"stderr":true,"stdout":"\u001b[1;38;5;39mCOMET INFO:\u001b[0m     imgsz              : 640\n"},"type":"ws_msg"}
{"payload":{"local_timestamp":1684337495300,"stderr":true,"stdout":"\u001b[1;38;5;39mCOMET INFO:\u001b[0m     iou_t              : 0.2\n"},"type":"ws_msg"}
{"payload":{"local_timestamp":1684337495300,"stderr":true,"stdout":"\u001b[1;38;5;39mCOMET INFO:\u001b[0m     label_smoothing    : 0.0\n"},"type":"ws_msg"}
{"payload":{"local_timestamp":1684337495305,"stderr":true,"stdout":"\u001b[1;38;5;39mCOMET INFO:\u001b[0m     local_rank         : -1\n"},"type":"ws_msg"}
{"payload":{"local_timestamp":1684337495305,"stderr":true,"stdout":"\u001b[1;38;5;39mCOMET INFO:\u001b[0m     lr0                : 0.01\n"},"type":"ws_msg"}
{"payload":{"local_timestamp":1684337495306,"stderr":true,"stdout":"\u001b[1;38;5;39mCOMET INFO:\u001b[0m     lrf                : 0.01\n"},"type":"ws_msg"}
{"payload":{"local_timestamp":1684337495307,"stderr":true,"stdout":"\u001b[1;38;5;39mCOMET INFO:\u001b[0m     mixup              : 0.0\n"},"type":"ws_msg"}
{"payload":{"local_timestamp":1684337495310,"stderr":true,"stdout":"\u001b[1;38;5;39mCOMET INFO:\u001b[0m     momentum           : 0.937\n"},"type":"ws_msg"}
{"payload":{"local_timestamp":1684337495314,"stderr":true,"stdout":"\u001b[1;38;5;39mCOMET INFO:\u001b[0m     mosaic             : 1.0\n"},"type":"ws_msg"}
{"payload":{"local_timestamp":1684337495329,"stderr":true,"stdout":"\u001b[1;38;5;39mCOMET INFO:\u001b[0m     multi_scale        : False\n"},"type":"ws_msg"}
{"payload":{"local_timestamp":1684337495338,"stderr":true,"stdout":"\u001b[1;38;5;39mCOMET INFO:\u001b[0m     name               : exp\n"},"type":"ws_msg"}
{"payload":{"local_timestamp":1684337495340,"stderr":true,"stdout":"\u001b[1;38;5;39mCOMET INFO:\u001b[0m     noautoanchor       : False\n"},"type":"ws_msg"}
{"payload":{"local_timestamp":1684337495342,"stderr":true,"stdout":"\u001b[1;38;5;39mCOMET INFO:\u001b[0m     noplots            : False\n"},"type":"ws_msg"}
{"payload":{"local_timestamp":1684337495344,"stderr":true,"stdout":"\u001b[1;38;5;39mCOMET INFO:\u001b[0m     nosave             : False\n"},"type":"ws_msg"}
{"payload":{"local_timestamp":1684337495345,"stderr":true,"stdout":"\u001b[1;38;5;39mCOMET INFO:\u001b[0m     noval              : False\n"},"type":"ws_msg"}
{"payload":{"local_timestamp":1684337495349,"stderr":true,"stdout":"\u001b[1;38;5;39mCOMET INFO:\u001b[0m     obj                : 1.0\n"},"type":"ws_msg"}
{"payload":{"local_timestamp":1684337495360,"stderr":true,"stdout":"\u001b[1;38;5;39mCOMET INFO:\u001b[0m     obj_pw             : 1.0\n"},"type":"ws_msg"}
{"payload":{"local_timestamp":1684337495365,"stderr":true,"stdout":"\u001b[1;38;5;39mCOMET INFO:\u001b[0m     optimizer          : SGD\n"},"type":"ws_msg"}
{"payload":{"local_timestamp":1684337495372,"stderr":true,"stdout":"\u001b[1;38;5;39mCOMET INFO:\u001b[0m     patience           : 100\n"},"type":"ws_msg"}
{"payload":{"local_timestamp":1684337495373,"stderr":true,"stdout":"\u001b[1;38;5;39mCOMET INFO:\u001b[0m     perspective        : 0.0\n"},"type":"ws_msg"}
{"payload":{"local_timestamp":1684337495374,"stderr":true,"stdout":"\u001b[1;38;5;39mCOMET INFO:\u001b[0m     project            : runs\\train\n"},"type":"ws_msg"}
{"payload":{"local_timestamp":1684337495375,"stderr":true,"stdout":"\u001b[1;38;5;39mCOMET INFO:\u001b[0m     quad               : False\n"},"type":"ws_msg"}
{"payload":{"local_timestamp":1684337495380,"stderr":true,"stdout":"\u001b[1;38;5;39mCOMET INFO:\u001b[0m     rect               : False\n"},"type":"ws_msg"}
{"payload":{"local_timestamp":1684337495382,"stderr":true,"stdout":"\u001b[1;38;5;39mCOMET INFO:\u001b[0m     resume             : False\n"},"type":"ws_msg"}
{"payload":{"local_timestamp":1684337495385,"stderr":true,"stdout":"\u001b[1;38;5;39mCOMET INFO:\u001b[0m     save_dir           : runs\\train\\exp3\n"},"type":"ws_msg"}
{"payload":{"local_timestamp":1684337495388,"stderr":true,"stdout":"\u001b[1;38;5;39mCOMET INFO:\u001b[0m     save_period        : -1\n"},"type":"ws_msg"}
{"payload":{"local_timestamp":1684337495389,"stderr":true,"stdout":"\u001b[1;38;5;39mCOMET INFO:\u001b[0m     scale              : 0.5\n"},"type":"ws_msg"}
{"payload":{"local_timestamp":1684337495392,"stderr":true,"stdout":"\u001b[1;38;5;39mCOMET INFO:\u001b[0m     seed               : 0\n"},"type":"ws_msg"}
{"payload":{"local_timestamp":1684337495393,"stderr":true,"stdout":"\u001b[1;38;5;39mCOMET INFO:\u001b[0m     shear              : 0.0\n"},"type":"ws_msg"}
{"payload":{"local_timestamp":1684337495394,"stderr":true,"stdout":"\u001b[1;38;5;39mCOMET INFO:\u001b[0m     single_cls         : False\n"},"type":"ws_msg"}
{"payload":{"local_timestamp":1684337495398,"stderr":true,"stdout":"\u001b[1;38;5;39mCOMET INFO:\u001b[0m     sync_bn            : False\n"},"type":"ws_msg"}
{"payload":{"local_timestamp":1684337495401,"stderr":true,"stdout":"\u001b[1;38;5;39mCOMET INFO:\u001b[0m     translate          : 0.1\n"},"type":"ws_msg"}
{"payload":{"local_timestamp":1684337495405,"stderr":true,"stdout":"\u001b[1;38;5;39mCOMET INFO:\u001b[0m     upload_dataset     : False\n"},"type":"ws_msg"}
{"payload":{"local_timestamp":1684337495408,"stderr":true,"stdout":"\u001b[1;38;5;39mCOMET INFO:\u001b[0m     val_conf_threshold : 0.001\n"},"type":"ws_msg"}
{"payload":{"local_timestamp":1684337495413,"stderr":true,"stdout":"\u001b[1;38;5;39mCOMET INFO:\u001b[0m     val_iou_threshold  : 0.6\n"},"type":"ws_msg"}
{"payload":{"local_timestamp":1684337495417,"stderr":true,"stdout":"\u001b[1;38;5;39mCOMET INFO:\u001b[0m     warmup_bias_lr     : 0.1\n"},"type":"ws_msg"}
{"payload":{"local_timestamp":1684337495418,"stderr":true,"stdout":"\u001b[1;38;5;39mCOMET INFO:\u001b[0m     warmup_epochs      : 3.0\n"},"type":"ws_msg"}
{"payload":{"local_timestamp":1684337495420,"stderr":true,"stdout":"\u001b[1;38;5;39mCOMET INFO:\u001b[0m     warmup_momentum    : 0.8\n"},"type":"ws_msg"}
{"payload":{"local_timestamp":1684337495421,"stderr":true,"stdout":"\u001b[1;38;5;39mCOMET INFO:\u001b[0m     weight_decay       : 0.0005\n"},"type":"ws_msg"}
{"payload":{"local_timestamp":1684337495422,"stderr":true,"stdout":"\u001b[1;38;5;39mCOMET INFO:\u001b[0m     workers            : 8\n"},"type":"ws_msg"}
{"payload":{"local_timestamp":1684337495423,"stderr":true,"stdout":"\u001b[1;38;5;39mCOMET INFO:\u001b[0m   Uploads:\n"},"type":"ws_msg"}
{"payload":{"local_timestamp":1684337495423,"stderr":true,"stdout":"\u001b[1;38;5;39mCOMET INFO:\u001b[0m     asset               : 5 (263.38 KB)\n"},"type":"ws_msg"}
{"payload":{"local_timestamp":1684337495439,"stderr":true,"stdout":"\u001b[1;38;5;39mCOMET INFO:\u001b[0m     environment details : 1\n"},"type":"ws_msg"}
{"payload":{"local_timestamp":1684337495442,"stderr":true,"stdout":"\u001b[1;38;5;39mCOMET INFO:\u001b[0m     git metadata        : 1\n"},"type":"ws_msg"}
{"payload":{"local_timestamp":1684337495443,"stderr":true,"stdout":"\u001b[1;38;5;39mCOMET INFO:\u001b[0m     installed packages  : 1\n"},"type":"ws_msg"}
{"payload":{"local_timestamp":1684337495452,"stderr":true,"stdout":"\u001b[1;38;5;39mCOMET INFO:\u001b[0m \n"},"type":"ws_msg"}
{"payload":{"local_timestamp":1684337495456,"stderr":true,"stdout":"\u001b[1;38;5;214mCOMET WARNING:\u001b[0m Experiment Name is generated at upload time for Offline Experiments unless set explicitly with Experiment.set_name\n"},"type":"ws_msg"}
{"payload":{"local_timestamp":1684337495461,"stderr":true,"stdout":"\u001b[1;38;5;214mCOMET WARNING:\u001b[0m To get all data logged automatically, import comet_ml before the following modules: torch, tensorboard.\n"},"type":"ws_msg"}
{"payload":{"local_timestamp":1684337495462,"log_other":{"key":"sys.already_imported_modules","val":"[\"torch\", \"tensorboard\"]"}},"type":"ws_msg"}
