{"payload":{"installed_packages":["absl-py==1.4.0","asttokens==2.2.1","attrs==23.1.0","backcall==0.2.0","brotlipy==0.7.0","cachetools==5.3.0","certifi==2023.5.7","cffi==1.15.1","chardet==5.1.0","charset-normalizer==2.0.4","colorama==0.4.6","comet-ml==3.33.3","configobj==5.0.8","contourpy==1.0.7","cryptography==39.0.1","cycler==0.11.0","decorator==5.1.1","dulwich==0.21.5","everett==3.1.0","executing==1.2.0","filelock==3.12.0","fonttools==4.39.4","gitdb==4.0.10","gitpython==3.1.31","google-auth-oauthlib==1.0.0","google-auth==2.18.0","grpcio==1.54.2","idna==3.4","importlib-metadata==6.6.0","importlib-resources==5.12.0","ipython==8.13.2","jedi==0.18.2","jinja2==3.1.2","jsonschema==4.17.3","kiwisolver==1.4.4","markdown-it-py==2.2.0","markdown==3.4.3","markupsafe==2.1.1","matplotlib-inline==0.1.6","matplotlib==3.7.1","mdurl==0.1.2","mkl-fft==1.3.6","mkl-random==1.2.2","mkl-service==2.4.0","mpmath==1.2.1","networkx==2.8.4","numpy==1.24.3","oauthlib==3.2.2","opencv-python==4.7.0.72","packaging==23.1","pandas==2.0.1","parso==0.8.3","pickleshare==0.7.5","pillow==9.4.0","pip==23.0.1","prompt-toolkit==3.0.38","protobuf==4.23.0","psutil==5.9.5","pure-eval==0.2.2","pyasn1-modules==0.3.0","pyasn1==0.5.0","pycparser==2.21","pygments==2.15.1","pyopenssl==23.0.0","pyparsing==3.0.9","pyrsistent==0.19.3","pysocks==1.7.1","python-box==6.1.0","python-dateutil==2.8.2","pytz==2023.3","pyyaml==6.0","requests-oauthlib==1.3.1","requests-toolbelt==1.0.0","requests==2.29.0","rich==13.3.5","rsa==4.9","scipy==1.10.1","seaborn==0.12.2","semantic-version==2.10.0","sentry-sdk==1.23.0","setuptools==66.0.0","simplejson==3.19.1","six==1.16.0","smmap==5.0.0","stack-data==0.6.2","sympy==1.11.1","tensorboard-data-server==0.7.0","tensorboard==2.13.0","thop==0.1.1.post2209072238","torch==2.0.1","torchaudio==2.0.2","torchvision==0.15.2","tqdm==4.65.0","traitlets==5.9.0","typing-extensions==4.5.0","tzdata==2023.3","ultralytics==8.0.103","urllib3==1.26.15","wcwidth==0.2.6","websocket-client==1.3.3","werkzeug==2.3.4","wheel==0.38.4","win-inet-pton==1.1.0","wrapt==1.15.0","wurlitzer==3.0.3","zipp==3.15.0"],"local_timestamp":1684405705898},"type":"ws_msg"}
{"payload":{"env_details":{"command":["train.py","--img","640","--epochs","3","--data","coco128.yaml","--weights","yolov5x.pt","--batch-size","4"],"env":null,"hostname":"DESKTOP-IKMKNBO","ip":"192.168.0.110","machine":"AMD64","os":"Windows-10-10.0.19044-SP0","os_release":"10","os_type":"Windows","pid":24392,"processor":"Intel64 Family 6 Model 62 Stepping 4, GenuineIntel","python_exe":"C:\\Users\\Provonsal\\miniconda3\\envs\\yol\\python.exe","python_version":"3.9.16","python_version_verbose":"3.9.16 (main, Mar  8 2023, 10:39:24) [MSC v.1916 64 bit (AMD64)]","user":"Provonsal"},"local_timestamp":1684405706126},"type":"ws_msg"}
{"payload":{"gpu_static_info":[{"gpu_index":0,"name":"NVIDIA GeForce RTX 3060 Ti","power_limit":200000,"total_memory":8589934592,"uuid":"GPU-d804fe87-e1b9-01a4-a3a0-ea4018096c59"}],"local_timestamp":1684405706179},"type":"ws_msg"}
{"payload":{"local_timestamp":1684405706186,"metric":{"epoch":null,"metricName":"sys.gpu.0.total_memory","metricValue":8589934592,"step":null}},"type":"metric_msg"}
{"payload":{"local_timestamp":1684405706762,"param":{"paramName":"img","paramValue":640,"source":"cli","step":null}},"type":"parameter_msg"}
{"payload":{"local_timestamp":1684405706763,"param":{"paramName":"epochs","paramValue":3,"source":"cli","step":null}},"type":"parameter_msg"}
{"payload":{"local_timestamp":1684405706763,"param":{"paramName":"data","paramValue":"coco128.yaml","source":"cli","step":null}},"type":"parameter_msg"}
{"payload":{"local_timestamp":1684405706763,"param":{"paramName":"weights","paramValue":"yolov5x.pt","source":"cli","step":null}},"type":"parameter_msg"}
{"payload":{"local_timestamp":1684405706763,"param":{"paramName":"batch-size","paramValue":4,"source":"cli","step":null}},"type":"parameter_msg"}
{"payload":{"local_timestamp":1684405706764,"metric":{"epoch":null,"metricName":"sys.cpu.percent.avg","metricValue":14.89375,"step":null}},"type":"metric_msg"}
{"payload":{"local_timestamp":1684405706764,"metric":{"epoch":null,"metricName":"sys.load.avg","metricValue":0.0,"step":null}},"type":"metric_msg"}
{"payload":{"local_timestamp":1684405706764,"metric":{"epoch":null,"metricName":"sys.ram.total","metricValue":25686081536,"step":null}},"type":"metric_msg"}
{"payload":{"local_timestamp":1684405706764,"metric":{"epoch":null,"metricName":"sys.ram.used","metricValue":10496430080,"step":null}},"type":"metric_msg"}
{"payload":{"local_timestamp":1684405706766,"log_other":{"key":"offline_experiment","val":true}},"type":"ws_msg"}
{"payload":{"additional_params":{"assetId":"a7d05429e69f4facba512ef0ee249a3e","context":null,"extension":"yaml","fileName":"coco128.yaml","overwrite":false,"runId":null,"step":null},"clean":true,"file_path":"tmpduamgg_7","local_timestamp":1684405706776,"metadata":{"type":"data-config-file"},"upload_type":"asset"},"type":"file_upload"}
{"payload":{"local_timestamp":1684405706786,"metric":{"epoch":null,"metricName":"sys.gpu.0.free_memory","metricValue":6813822976,"step":null}},"type":"metric_msg"}
{"payload":{"local_timestamp":1684405706787,"metric":{"epoch":null,"metricName":"sys.gpu.0.gpu_utilization","metricValue":13,"step":null}},"type":"metric_msg"}
{"payload":{"local_timestamp":1684405706787,"metric":{"epoch":null,"metricName":"sys.gpu.0.power_usage","metricValue":13455,"step":null}},"type":"metric_msg"}
{"payload":{"local_timestamp":1684405706787,"metric":{"epoch":null,"metricName":"sys.gpu.0.temperature","metricValue":40,"step":null}},"type":"metric_msg"}
{"payload":{"local_timestamp":1684405706787,"metric":{"epoch":null,"metricName":"sys.gpu.0.used_memory","metricValue":1776111616,"step":null}},"type":"metric_msg"}
{"payload":{"local_timestamp":1684405706791,"log_other":{"key":"Created from","val":"YOLOv5"}},"type":"ws_msg"}
{"payload":{"local_timestamp":1684405706791,"param":{"paramName":"artifact_alias","paramValue":"latest","source":"manual","step":null}},"type":"parameter_msg"}
{"payload":{"local_timestamp":1684405706791,"param":{"paramName":"batch_size","paramValue":4,"source":"manual","step":null}},"type":"parameter_msg"}
{"payload":{"local_timestamp":1684405706791,"param":{"paramName":"bbox_interval","paramValue":-1,"source":"manual","step":null}},"type":"parameter_msg"}
{"payload":{"local_timestamp":1684405706791,"param":{"paramName":"bucket","paramValue":"","source":"manual","step":null}},"type":"parameter_msg"}
{"payload":{"local_timestamp":1684405706791,"param":{"paramName":"cache","paramValue":null,"source":"manual","step":null}},"type":"parameter_msg"}
{"payload":{"local_timestamp":1684405706792,"param":{"paramName":"cfg","paramValue":"","source":"manual","step":null}},"type":"parameter_msg"}
{"payload":{"local_timestamp":1684405706792,"param":{"paramName":"cos_lr","paramValue":false,"source":"manual","step":null}},"type":"parameter_msg"}
{"payload":{"local_timestamp":1684405706792,"param":{"paramName":"data","paramValue":"C:\\Users\\Provonsal\\source\\repos\\yolov5\\data\\coco128.yaml","source":"manual","step":null}},"type":"parameter_msg"}
{"payload":{"local_timestamp":1684405706792,"param":{"paramName":"device","paramValue":"","source":"manual","step":null}},"type":"parameter_msg"}
{"payload":{"local_timestamp":1684405706792,"param":{"paramName":"entity","paramValue":null,"source":"manual","step":null}},"type":"parameter_msg"}
{"payload":{"local_timestamp":1684405706792,"param":{"paramName":"evolve","paramValue":null,"source":"manual","step":null}},"type":"parameter_msg"}
{"payload":{"local_timestamp":1684405706792,"param":{"paramName":"exist_ok","paramValue":false,"source":"manual","step":null}},"type":"parameter_msg"}
{"payload":{"local_timestamp":1684405706792,"params":{"paramName":"freeze","paramValue":[0],"source":"manual","step":null}},"type":"parameter_msg"}
{"payload":{"local_timestamp":1684405706793,"param":{"paramName":"hyp","paramValue":"{\"anchor_t\": 4.0, \"box\": 0.05, \"cls\": 0.5, \"cls_pw\": 1.0, \"copy_paste\": 0.0, \"degrees\": 0.0, \"fl_gamma\": 0.0, \"fliplr\": 0.5, \"flipud\": 0.0, \"hsv_h\": 0.015, \"hsv_s\": 0.7, \"hsv_v\": 0.4, \"iou_t\": 0.2, \"lr0\": 0.01, \"lrf\": 0.01, \"mixup\": 0.0, \"momentum\": 0.937, \"mosaic\": 1.0, \"obj\": 1.0, \"obj_pw\": 1.0, \"perspective\": 0.0, \"scale\": 0.5, \"shear\": 0.0, \"translate\": 0.1, \"warmup_bias_lr\": 0.1, \"warmup_epochs\": 3.0, \"warmup_momentum\": 0.8, \"weight_decay\": 0.0005}","source":"manual","step":null}},"type":"parameter_msg"}
{"payload":{"local_timestamp":1684405706793,"param":{"paramName":"image_weights","paramValue":false,"source":"manual","step":null}},"type":"parameter_msg"}
{"payload":{"local_timestamp":1684405706793,"param":{"paramName":"imgsz","paramValue":640,"source":"manual","step":null}},"type":"parameter_msg"}
{"payload":{"local_timestamp":1684405706793,"param":{"paramName":"label_smoothing","paramValue":0.0,"source":"manual","step":null}},"type":"parameter_msg"}
{"payload":{"local_timestamp":1684405706793,"param":{"paramName":"local_rank","paramValue":-1,"source":"manual","step":null}},"type":"parameter_msg"}
{"payload":{"local_timestamp":1684405706793,"param":{"paramName":"multi_scale","paramValue":false,"source":"manual","step":null}},"type":"parameter_msg"}
{"payload":{"local_timestamp":1684405706793,"param":{"paramName":"name","paramValue":"exp","source":"manual","step":null}},"type":"parameter_msg"}
{"payload":{"local_timestamp":1684405706793,"param":{"paramName":"noautoanchor","paramValue":false,"source":"manual","step":null}},"type":"parameter_msg"}
{"payload":{"local_timestamp":1684405706793,"param":{"paramName":"noplots","paramValue":false,"source":"manual","step":null}},"type":"parameter_msg"}
{"payload":{"local_timestamp":1684405706793,"param":{"paramName":"nosave","paramValue":false,"source":"manual","step":null}},"type":"parameter_msg"}
{"payload":{"local_timestamp":1684405706793,"param":{"paramName":"noval","paramValue":false,"source":"manual","step":null}},"type":"parameter_msg"}
{"payload":{"local_timestamp":1684405706793,"param":{"paramName":"optimizer","paramValue":"SGD","source":"manual","step":null}},"type":"parameter_msg"}
{"payload":{"local_timestamp":1684405706793,"param":{"paramName":"patience","paramValue":100,"source":"manual","step":null}},"type":"parameter_msg"}
{"payload":{"local_timestamp":1684405706793,"param":{"paramName":"project","paramValue":"runs\\train","source":"manual","step":null}},"type":"parameter_msg"}
{"payload":{"local_timestamp":1684405706793,"param":{"paramName":"quad","paramValue":false,"source":"manual","step":null}},"type":"parameter_msg"}
{"payload":{"local_timestamp":1684405706793,"param":{"paramName":"rect","paramValue":false,"source":"manual","step":null}},"type":"parameter_msg"}
{"payload":{"local_timestamp":1684405706793,"param":{"paramName":"resume","paramValue":false,"source":"manual","step":null}},"type":"parameter_msg"}
{"payload":{"local_timestamp":1684405706793,"param":{"paramName":"save_dir","paramValue":"runs\\train\\exp9","source":"manual","step":null}},"type":"parameter_msg"}
{"payload":{"local_timestamp":1684405706793,"param":{"paramName":"save_period","paramValue":-1,"source":"manual","step":null}},"type":"parameter_msg"}
{"payload":{"local_timestamp":1684405706793,"param":{"paramName":"seed","paramValue":0,"source":"manual","step":null}},"type":"parameter_msg"}
{"payload":{"local_timestamp":1684405706794,"param":{"paramName":"single_cls","paramValue":false,"source":"manual","step":null}},"type":"parameter_msg"}
{"payload":{"local_timestamp":1684405706794,"param":{"paramName":"sync_bn","paramValue":false,"source":"manual","step":null}},"type":"parameter_msg"}
{"payload":{"local_timestamp":1684405706794,"param":{"paramName":"upload_dataset","paramValue":false,"source":"manual","step":null}},"type":"parameter_msg"}
{"payload":{"local_timestamp":1684405706794,"param":{"paramName":"workers","paramValue":8,"source":"manual","step":null}},"type":"parameter_msg"}
{"payload":{"local_timestamp":1684405706794,"param":{"paramName":"anchor_t","paramValue":4.0,"source":"manual","step":null}},"type":"parameter_msg"}
{"payload":{"local_timestamp":1684405706794,"param":{"paramName":"box","paramValue":0.05,"source":"manual","step":null}},"type":"parameter_msg"}
{"payload":{"local_timestamp":1684405706794,"param":{"paramName":"cls","paramValue":0.5,"source":"manual","step":null}},"type":"parameter_msg"}
{"payload":{"local_timestamp":1684405706794,"param":{"paramName":"cls_pw","paramValue":1.0,"source":"manual","step":null}},"type":"parameter_msg"}
{"payload":{"local_timestamp":1684405706794,"param":{"paramName":"copy_paste","paramValue":0.0,"source":"manual","step":null}},"type":"parameter_msg"}
{"payload":{"local_timestamp":1684405706794,"param":{"paramName":"degrees","paramValue":0.0,"source":"manual","step":null}},"type":"parameter_msg"}
{"payload":{"local_timestamp":1684405706794,"param":{"paramName":"fl_gamma","paramValue":0.0,"source":"manual","step":null}},"type":"parameter_msg"}
{"payload":{"local_timestamp":1684405706794,"param":{"paramName":"fliplr","paramValue":0.5,"source":"manual","step":null}},"type":"parameter_msg"}
{"payload":{"local_timestamp":1684405706794,"param":{"paramName":"flipud","paramValue":0.0,"source":"manual","step":null}},"type":"parameter_msg"}
{"payload":{"local_timestamp":1684405706794,"param":{"paramName":"hsv_h","paramValue":0.015,"source":"manual","step":null}},"type":"parameter_msg"}
{"payload":{"local_timestamp":1684405706794,"param":{"paramName":"hsv_s","paramValue":0.7,"source":"manual","step":null}},"type":"parameter_msg"}
{"payload":{"local_timestamp":1684405706794,"param":{"paramName":"hsv_v","paramValue":0.4,"source":"manual","step":null}},"type":"parameter_msg"}
{"payload":{"local_timestamp":1684405706794,"param":{"paramName":"iou_t","paramValue":0.2,"source":"manual","step":null}},"type":"parameter_msg"}
{"payload":{"local_timestamp":1684405706794,"param":{"paramName":"lr0","paramValue":0.01,"source":"manual","step":null}},"type":"parameter_msg"}
{"payload":{"local_timestamp":1684405706794,"param":{"paramName":"lrf","paramValue":0.01,"source":"manual","step":null}},"type":"parameter_msg"}
{"payload":{"local_timestamp":1684405706794,"param":{"paramName":"mixup","paramValue":0.0,"source":"manual","step":null}},"type":"parameter_msg"}
{"payload":{"local_timestamp":1684405706794,"param":{"paramName":"momentum","paramValue":0.937,"source":"manual","step":null}},"type":"parameter_msg"}
{"payload":{"local_timestamp":1684405706794,"param":{"paramName":"mosaic","paramValue":1.0,"source":"manual","step":null}},"type":"parameter_msg"}
{"payload":{"local_timestamp":1684405706794,"param":{"paramName":"obj","paramValue":1.0,"source":"manual","step":null}},"type":"parameter_msg"}
{"payload":{"local_timestamp":1684405706794,"param":{"paramName":"obj_pw","paramValue":1.0,"source":"manual","step":null}},"type":"parameter_msg"}
{"payload":{"local_timestamp":1684405706794,"param":{"paramName":"perspective","paramValue":0.0,"source":"manual","step":null}},"type":"parameter_msg"}
{"payload":{"local_timestamp":1684405706794,"param":{"paramName":"scale","paramValue":0.5,"source":"manual","step":null}},"type":"parameter_msg"}
{"payload":{"local_timestamp":1684405706794,"param":{"paramName":"shear","paramValue":0.0,"source":"manual","step":null}},"type":"parameter_msg"}
{"payload":{"local_timestamp":1684405706794,"param":{"paramName":"translate","paramValue":0.1,"source":"manual","step":null}},"type":"parameter_msg"}
{"payload":{"local_timestamp":1684405706795,"param":{"paramName":"warmup_bias_lr","paramValue":0.1,"source":"manual","step":null}},"type":"parameter_msg"}
{"payload":{"local_timestamp":1684405706795,"param":{"paramName":"warmup_epochs","paramValue":3.0,"source":"manual","step":null}},"type":"parameter_msg"}
{"payload":{"local_timestamp":1684405706795,"param":{"paramName":"warmup_momentum","paramValue":0.8,"source":"manual","step":null}},"type":"parameter_msg"}
{"payload":{"local_timestamp":1684405706795,"param":{"paramName":"weight_decay","paramValue":0.0005,"source":"manual","step":null}},"type":"parameter_msg"}
{"payload":{"additional_params":{"assetId":"c7f2c7bea1e44932a7145dbc4fb010fa","context":null,"epoch":null,"extension":"json","fileName":"hyperparameters.json","overwrite":false,"runId":null,"step":null},"clean":true,"file_path":"tmp70vhtrgv","local_timestamp":1684405706813,"metadata":{"type":"hyp-config-file"},"upload_type":"asset"},"type":"file_upload"}
{"payload":{"additional_params":{"assetId":"c2d8b8f00e5c40dab9564766a07d99ee","context":null,"extension":"yaml","fileName":"opt.yaml","overwrite":false,"runId":null,"step":null},"clean":true,"file_path":"tmpyidrblsk","local_timestamp":1684405706809,"metadata":{"type":"opt-config-file"},"upload_type":"asset"},"type":"file_upload"}
{"payload":{"local_timestamp":1684405706809,"param":{"paramName":"val_conf_threshold","paramValue":0.001,"source":"manual","step":null}},"type":"parameter_msg"}
{"payload":{"local_timestamp":1684405706809,"param":{"paramName":"val_iou_threshold","paramValue":0.6,"source":"manual","step":null}},"type":"parameter_msg"}
{"payload":{"local_timestamp":1684405706809,"log_other":{"key":"comet_mode","val":"online"}},"type":"ws_msg"}
{"payload":{"local_timestamp":1684405706809,"log_other":{"key":"comet_max_image_uploads","val":100}},"type":"ws_msg"}
{"payload":{"local_timestamp":1684405706809,"log_other":{"key":"comet_log_per_class_metrics","val":false}},"type":"ws_msg"}
{"payload":{"local_timestamp":1684405706809,"log_other":{"key":"comet_log_batch_metrics","val":false}},"type":"ws_msg"}
{"payload":{"local_timestamp":1684405706809,"log_other":{"key":"comet_log_confusion_matrix","val":true}},"type":"ws_msg"}
{"payload":{"local_timestamp":1684405706809,"log_other":{"key":"comet_model_name","val":"yolov5"}},"type":"ws_msg"}
{"payload":{"local_timestamp":1684405707169,"stderr":true,"stdout":"Overriding model.yaml nc=80 with nc=1\n"},"type":"ws_msg"}
{"payload":{"local_timestamp":1684405707171,"stderr":true,"stdout":"\n                 from  n    params  module                                  arguments                     \n"},"type":"ws_msg"}
{"payload":{"local_timestamp":1684405707174,"stderr":true,"stdout":"  0                -1  1      8800  models.common.Conv                      [3, 80, 6, 2, 2]              \n"},"type":"ws_msg"}
{"payload":{"local_timestamp":1684405707179,"stderr":true,"stdout":"  1                -1  1    115520  models.common.Conv                      [80, 160, 3, 2]               \n"},"type":"ws_msg"}
{"payload":{"local_timestamp":1684405707197,"stderr":true,"stdout":"  2                -1  4    309120  models.common.C3                        [160, 160, 4]                 \n"},"type":"ws_msg"}
{"payload":{"local_timestamp":1684405707203,"stderr":true,"stdout":"  3                -1  1    461440  models.common.Conv                      [160, 320, 3, 2]              \n"},"type":"ws_msg"}
{"payload":{"local_timestamp":1684405707250,"stderr":true,"stdout":"  4                -1  8   2259200  models.common.C3                        [320, 320, 8]                 \n"},"type":"ws_msg"}
{"payload":{"local_timestamp":1684405707269,"stderr":true,"stdout":"  5                -1  1   1844480  models.common.Conv                      [320, 640, 3, 2]              \n"},"type":"ws_msg"}
{"payload":{"local_timestamp":1684405707435,"stderr":true,"stdout":"  6                -1 12  13125120  models.common.C3                        [640, 640, 12]                \n"},"type":"ws_msg"}
{"payload":{"local_timestamp":1684405707512,"stderr":true,"stdout":"  7                -1  1   7375360  models.common.Conv                      [640, 1280, 3, 2]             \n"},"type":"ws_msg"}
{"payload":{"local_timestamp":1684405707711,"stderr":true,"stdout":"  8                -1  4  19676160  models.common.C3                        [1280, 1280, 4]               \n"},"type":"ws_msg"}
{"payload":{"git_meta":{"branch":"refs/heads/master","origin":"https://github.com/ultralytics/yolov5.git","parent":"ec2b8538cdf1ec3a37f7f2ffff4d591f322cc410","repo_name":"yolov5","root":"1e84a23f38fad9e52b59101e9f1246d93066ed1e","status":null,"user":"Provonsal"},"local_timestamp":1684405707712},"type":"ws_msg"}
{"payload":{"local_timestamp":1684405707724,"stderr":true,"stdout":"\u001b[1;38;5;214mCOMET WARNING:\u001b[0m Unknown error exporting current conda environment\n"},"type":"ws_msg"}
{"payload":{"local_timestamp":1684405707736,"stderr":true,"stdout":"\u001b[1;38;5;214mCOMET WARNING:\u001b[0m Unknown error retrieving Conda package as an explicit file\n"},"type":"ws_msg"}
{"payload":{"local_timestamp":1684405707742,"stderr":true,"stdout":"\u001b[1;38;5;214mCOMET WARNING:\u001b[0m Unknown error retrieving Conda information\n"},"type":"ws_msg"}
{"payload":{"local_timestamp":1684405707751,"stderr":true,"stdout":"  9                -1  1   4099840  models.common.SPPF                      [1280, 1280, 5]               \n"},"type":"ws_msg"}
{"payload":{"local_timestamp":1684405707759,"stderr":true,"stdout":" 10                -1  1    820480  models.common.Conv                      [1280, 640, 1, 1]             \n"},"type":"ws_msg"}
{"payload":{"local_timestamp":1684405707760,"stderr":true,"stdout":" 11                -1  1         0  torch.nn.modules.upsampling.Upsample    [None, 2, 'nearest']          \n"},"type":"ws_msg"}
{"payload":{"local_timestamp":1684405707761,"stderr":true,"stdout":" 12           [-1, 6]  1         0  models.common.Concat                    [1]                           \n"},"type":"ws_msg"}
{"payload":{"local_timestamp":1684405707816,"stderr":true,"stdout":" 13                -1  4   5332480  models.common.C3                        [1280, 640, 4, False]         \n"},"type":"ws_msg"}
{"payload":{"local_timestamp":1684405707820,"stderr":true,"stdout":" 14                -1  1    205440  models.common.Conv                      [640, 320, 1, 1]              \n"},"type":"ws_msg"}
{"payload":{"local_timestamp":1684405707820,"stderr":true,"stdout":" 15                -1  1         0  torch.nn.modules.upsampling.Upsample    [None, 2, 'nearest']          \n"},"type":"ws_msg"}
{"payload":{"local_timestamp":1684405707821,"stderr":true,"stdout":" 16           [-1, 4]  1         0  models.common.Concat                    [1]                           \n"},"type":"ws_msg"}
{"payload":{"local_timestamp":1684405707841,"stderr":true,"stdout":" 17                -1  4   1335040  models.common.C3                        [640, 320, 4, False]          \n"},"type":"ws_msg"}
{"payload":{"local_timestamp":1684405707851,"stderr":true,"stdout":" 18                -1  1    922240  models.common.Conv                      [320, 320, 3, 2]              \n"},"type":"ws_msg"}
{"payload":{"local_timestamp":1684405707851,"stderr":true,"stdout":" 19          [-1, 14]  1         0  models.common.Concat                    [1]                           \n"},"type":"ws_msg"}
{"payload":{"local_timestamp":1684405707904,"stderr":true,"stdout":" 20                -1  4   4922880  models.common.C3                        [640, 640, 4, False]          \n"},"type":"ws_msg"}
{"payload":{"local_timestamp":1684405707952,"stderr":true,"stdout":" 21                -1  1   3687680  models.common.Conv                      [640, 640, 3, 2]              \n"},"type":"ws_msg"}
{"payload":{"local_timestamp":1684405707954,"stderr":true,"stdout":" 22          [-1, 10]  1         0  models.common.Concat                    [1]                           \n"},"type":"ws_msg"}
{"payload":{"local_timestamp":1684405708150,"stderr":true,"stdout":" 23                -1  4  19676160  models.common.C3                        [1280, 1280, 4, False]        \n"},"type":"ws_msg"}
{"payload":{"local_timestamp":1684405708155,"stderr":true,"stdout":" 24      [17, 20, 23]  1     40374  models.yolo.Detect                      [1, [[10, 13, 16, 30, 33, 23], [30, 61, 62, 45, 59, 119], [116, 90, 156, 198, 373, 326]], [320, 640, 1280]]\n"},"type":"ws_msg"}
{"payload":{"local_timestamp":1684405709328,"stderr":true,"stdout":"Model summary: 445 layers, 86217814 parameters, 86217814 gradients, 204.6 GFLOPs\n"},"type":"ws_msg"}
{"payload":{"local_timestamp":1684405709329,"stderr":true,"stdout":"\n"},"type":"ws_msg"}
{"payload":{"local_timestamp":1684405710125,"stderr":true,"stdout":"Transferred 739/745 items from yolov5x.pt\n"},"type":"ws_msg"}
{"payload":{"local_timestamp":1684405717532,"stderr":true,"stdout":"\u001b[34m\u001b[1mAMP: \u001b[0mchecks passed \n"},"type":"ws_msg"}
{"payload":{"local_timestamp":1684405717544,"stderr":true,"stdout":"\u001b[34m\u001b[1moptimizer:\u001b[0m SGD(lr=0.01) with parameter groups 123 weight(decay=0.0), 126 weight(decay=0.0005), 126 bias\n"},"type":"ws_msg"}
{"payload":{"local_timestamp":1684405717792,"stderr":true,"stdout":"\r\u001b[34m\u001b[1mtrain: \u001b[0mScanning D:\\vajnoe\\python_projects\\data_yolo\\train.cache... 0 images, 70 backgrounds, 0 corrupt: 100%|\u2588\u2588\u2588\u2588\u2588\u2588\u2588\u2588\u2588\u2588| 70/7\u001b[0m"},"type":"ws_msg"}
{"payload":{"local_timestamp":1684405717794,"stderr":true,"stdout":"\r\u001b[34m\u001b[1mtrain: \u001b[0mScanning D:\\vajnoe\\python_projects\\data_yolo\\train.cache... 0 images, 70 backgrounds, 0 corrupt: 100%|\u2588\u2588\u2588\u2588\u2588\u2588\u2588\u2588\u2588\u2588| 70/7\u001b[0m"},"type":"ws_msg"}
{"payload":{"local_timestamp":1684405717794,"stderr":true,"stdout":"\n"},"type":"ws_msg"}
{"payload":{"local_timestamp":1684405717796,"stderr":true,"stdout":"Traceback (most recent call last):\n"},"type":"ws_msg"}
{"payload":{"local_timestamp":1684405717797,"stderr":true,"stdout":"  File \"c:\\Users\\Provonsal\\source\\repos\\yolov5\\train.py\", line 642, in <module>\n"},"type":"ws_msg"}
{"payload":{"local_timestamp":1684405717799,"stderr":true,"stdout":"    "},"type":"ws_msg"}
{"payload":{"local_timestamp":1684405717799,"stderr":true,"stdout":"main(opt)"},"type":"ws_msg"}
{"payload":{"local_timestamp":1684405717799,"stderr":true,"stdout":"\n"},"type":"ws_msg"}
{"payload":{"local_timestamp":1684405717800,"stderr":true,"stdout":"  File \"c:\\Users\\Provonsal\\source\\repos\\yolov5\\train.py\", line 531, in main\n"},"type":"ws_msg"}
{"payload":{"local_timestamp":1684405717801,"stderr":true,"stdout":"    "},"type":"ws_msg"}
{"payload":{"local_timestamp":1684405717801,"stderr":true,"stdout":"train(opt.hyp, opt, device, callbacks)"},"type":"ws_msg"}
{"payload":{"local_timestamp":1684405717801,"stderr":true,"stdout":"\n"},"type":"ws_msg"}
{"payload":{"local_timestamp":1684405717802,"stderr":true,"stdout":"  File \"c:\\Users\\Provonsal\\source\\repos\\yolov5\\train.py\", line 190, in train\n"},"type":"ws_msg"}
{"payload":{"local_timestamp":1684405717803,"stderr":true,"stdout":"    "},"type":"ws_msg"}
{"payload":{"local_timestamp":1684405717803,"stderr":true,"stdout":"train_loader, dataset = create_dataloader(train_path,"},"type":"ws_msg"}
{"payload":{"local_timestamp":1684405717803,"stderr":true,"stdout":"\n"},"type":"ws_msg"}
{"payload":{"local_timestamp":1684405717803,"stderr":true,"stdout":"  File \"c:\\Users\\Provonsal\\source\\repos\\yolov5\\utils\\dataloaders.py\", line 124, in create_dataloader\n"},"type":"ws_msg"}
{"payload":{"local_timestamp":1684405717804,"stderr":true,"stdout":"    "},"type":"ws_msg"}
{"payload":{"local_timestamp":1684405717804,"stderr":true,"stdout":"dataset = LoadImagesAndLabels("},"type":"ws_msg"}
{"payload":{"local_timestamp":1684405717804,"stderr":true,"stdout":"\n"},"type":"ws_msg"}
{"payload":{"local_timestamp":1684405717805,"stderr":true,"stdout":"  File \"c:\\Users\\Provonsal\\source\\repos\\yolov5\\utils\\dataloaders.py\", line 502, in __init__\n"},"type":"ws_msg"}
{"payload":{"local_timestamp":1684405717806,"stderr":true,"stdout":"    "},"type":"ws_msg"}
{"payload":{"local_timestamp":1684405717806,"stderr":true,"stdout":"assert nf > 0 or not augment, f'{prefix}No labels found in {cache_path}, can not start training. {HELP_URL}'"},"type":"ws_msg"}
{"payload":{"local_timestamp":1684405717806,"stderr":true,"stdout":"\n"},"type":"ws_msg"}
{"payload":{"local_timestamp":1684405717806,"stderr":true,"stdout":"AssertionError"},"type":"ws_msg"}
{"payload":{"local_timestamp":1684405717806,"stderr":true,"stdout":": "},"type":"ws_msg"}
{"payload":{"local_timestamp":1684405717806,"stderr":true,"stdout":"\u001b[34m\u001b[1mtrain: \u001b[0mNo labels found in D:\\vajnoe\\python_projects\\data_yolo\\train.cache, can not start training. See https://docs.ultralytics.com/yolov5/tutorials/train_custom_data"},"type":"ws_msg"}
{"payload":{"local_timestamp":1684405717807,"stderr":true,"stdout":"\n"},"type":"ws_msg"}
{"payload":{"local_timestamp":1684405717811,"stderr":true,"stdout":"\u001b[1;38;5;39mCOMET INFO:\u001b[0m ---------------------------------------------------------------------------------------\n"},"type":"ws_msg"}
{"payload":{"local_timestamp":1684405717812,"stderr":true,"stdout":"\u001b[1;38;5;39mCOMET INFO:\u001b[0m Comet.ml OfflineExperiment Summary\n"},"type":"ws_msg"}
{"payload":{"local_timestamp":1684405717813,"stderr":true,"stdout":"\u001b[1;38;5;39mCOMET INFO:\u001b[0m ---------------------------------------------------------------------------------------\n"},"type":"ws_msg"}
{"payload":{"local_timestamp":1684405717814,"stderr":true,"stdout":"\u001b[1;38;5;39mCOMET INFO:\u001b[0m   Data:\n"},"type":"ws_msg"}
{"payload":{"local_timestamp":1684405717814,"stderr":true,"stdout":"\u001b[1;38;5;39mCOMET INFO:\u001b[0m     display_summary_level : 1\n"},"type":"ws_msg"}
{"payload":{"local_timestamp":1684405717816,"stderr":true,"stdout":"\u001b[1;38;5;39mCOMET INFO:\u001b[0m     url                   : [OfflineExperiment will get URL after upload]\n"},"type":"ws_msg"}
{"payload":{"local_timestamp":1684405717817,"stderr":true,"stdout":"\u001b[1;38;5;39mCOMET INFO:\u001b[0m   Others:\n"},"type":"ws_msg"}
{"payload":{"local_timestamp":1684405717818,"stderr":true,"stdout":"\u001b[1;38;5;39mCOMET INFO:\u001b[0m     Created from                : YOLOv5\n"},"type":"ws_msg"}
{"payload":{"local_timestamp":1684405717819,"stderr":true,"stdout":"\u001b[1;38;5;39mCOMET INFO:\u001b[0m     comet_log_batch_metrics     : False\n"},"type":"ws_msg"}
{"payload":{"local_timestamp":1684405717821,"stderr":true,"stdout":"\u001b[1;38;5;39mCOMET INFO:\u001b[0m     comet_log_confusion_matrix  : True\n"},"type":"ws_msg"}
{"payload":{"local_timestamp":1684405717822,"stderr":true,"stdout":"\u001b[1;38;5;39mCOMET INFO:\u001b[0m     comet_log_per_class_metrics : False\n"},"type":"ws_msg"}
{"payload":{"local_timestamp":1684405717824,"stderr":true,"stdout":"\u001b[1;38;5;39mCOMET INFO:\u001b[0m     comet_max_image_uploads     : 100\n"},"type":"ws_msg"}
{"payload":{"local_timestamp":1684405717825,"stderr":true,"stdout":"\u001b[1;38;5;39mCOMET INFO:\u001b[0m     comet_mode                  : online\n"},"type":"ws_msg"}
{"payload":{"local_timestamp":1684405717826,"stderr":true,"stdout":"\u001b[1;38;5;39mCOMET INFO:\u001b[0m     comet_model_name            : yolov5\n"},"type":"ws_msg"}
{"payload":{"local_timestamp":1684405717827,"stderr":true,"stdout":"\u001b[1;38;5;39mCOMET INFO:\u001b[0m     offline_experiment          : True\n"},"type":"ws_msg"}
{"payload":{"local_timestamp":1684405717828,"stderr":true,"stdout":"\u001b[1;38;5;39mCOMET INFO:\u001b[0m   Parameters:\n"},"type":"ws_msg"}
{"payload":{"local_timestamp":1684405717830,"stderr":true,"stdout":"\u001b[1;38;5;39mCOMET INFO:\u001b[0m     anchor_t           : 4.0\n"},"type":"ws_msg"}
{"payload":{"local_timestamp":1684405717831,"stderr":true,"stdout":"\u001b[1;38;5;39mCOMET INFO:\u001b[0m     artifact_alias     : latest\n"},"type":"ws_msg"}
{"payload":{"local_timestamp":1684405717832,"stderr":true,"stdout":"\u001b[1;38;5;39mCOMET INFO:\u001b[0m     batch_size         : 4\n"},"type":"ws_msg"}
{"payload":{"local_timestamp":1684405717832,"stderr":true,"stdout":"\u001b[1;38;5;39mCOMET INFO:\u001b[0m     bbox_interval      : -1\n"},"type":"ws_msg"}
{"payload":{"local_timestamp":1684405717833,"stderr":true,"stdout":"\u001b[1;38;5;39mCOMET INFO:\u001b[0m     box                : 0.05\n"},"type":"ws_msg"}
{"payload":{"local_timestamp":1684405717834,"stderr":true,"stdout":"\u001b[1;38;5;39mCOMET INFO:\u001b[0m     bucket             : \n"},"type":"ws_msg"}
{"payload":{"local_timestamp":1684405717835,"stderr":true,"stdout":"\u001b[1;38;5;39mCOMET INFO:\u001b[0m     cache              : 1\n"},"type":"ws_msg"}
{"payload":{"local_timestamp":1684405717836,"stderr":true,"stdout":"\u001b[1;38;5;39mCOMET INFO:\u001b[0m     cfg                : \n"},"type":"ws_msg"}
{"payload":{"local_timestamp":1684405717837,"stderr":true,"stdout":"\u001b[1;38;5;39mCOMET INFO:\u001b[0m     cls                : 0.5\n"},"type":"ws_msg"}
{"payload":{"local_timestamp":1684405717837,"stderr":true,"stdout":"\u001b[1;38;5;39mCOMET INFO:\u001b[0m     cls_pw             : 1.0\n"},"type":"ws_msg"}
{"payload":{"local_timestamp":1684405717838,"stderr":true,"stdout":"\u001b[1;38;5;39mCOMET INFO:\u001b[0m     copy_paste         : 0.0\n"},"type":"ws_msg"}
{"payload":{"local_timestamp":1684405717841,"stderr":true,"stdout":"\u001b[1;38;5;39mCOMET INFO:\u001b[0m     cos_lr             : False\n"},"type":"ws_msg"}
{"payload":{"local_timestamp":1684405717842,"stderr":true,"stdout":"\u001b[1;38;5;39mCOMET INFO:\u001b[0m     degrees            : 0.0\n"},"type":"ws_msg"}
{"payload":{"local_timestamp":1684405717842,"stderr":true,"stdout":"\u001b[1;38;5;39mCOMET INFO:\u001b[0m     device             : \n"},"type":"ws_msg"}
{"payload":{"local_timestamp":1684405717843,"stderr":true,"stdout":"\u001b[1;38;5;39mCOMET INFO:\u001b[0m     entity             : 1\n"},"type":"ws_msg"}
{"payload":{"local_timestamp":1684405717843,"stderr":true,"stdout":"\u001b[1;38;5;39mCOMET INFO:\u001b[0m     evolve             : 1\n"},"type":"ws_msg"}
{"payload":{"local_timestamp":1684405717844,"stderr":true,"stdout":"\u001b[1;38;5;39mCOMET INFO:\u001b[0m     exist_ok           : False\n"},"type":"ws_msg"}
{"payload":{"local_timestamp":1684405717845,"stderr":true,"stdout":"\u001b[1;38;5;39mCOMET INFO:\u001b[0m     fl_gamma           : 0.0\n"},"type":"ws_msg"}
{"payload":{"local_timestamp":1684405717845,"stderr":true,"stdout":"\u001b[1;38;5;39mCOMET INFO:\u001b[0m     fliplr             : 0.5\n"},"type":"ws_msg"}
{"payload":{"local_timestamp":1684405717846,"stderr":true,"stdout":"\u001b[1;38;5;39mCOMET INFO:\u001b[0m     flipud             : 0.0\n"},"type":"ws_msg"}
{"payload":{"local_timestamp":1684405717847,"stderr":true,"stdout":"\u001b[1;38;5;39mCOMET INFO:\u001b[0m     freeze             : [0]\n"},"type":"ws_msg"}
{"payload":{"local_timestamp":1684405717847,"stderr":true,"stdout":"\u001b[1;38;5;39mCOMET INFO:\u001b[0m     hsv_h              : 0.015\n"},"type":"ws_msg"}
{"payload":{"local_timestamp":1684405717848,"stderr":true,"stdout":"\u001b[1;38;5;39mCOMET INFO:\u001b[0m     hsv_s              : 0.7\n"},"type":"ws_msg"}
{"payload":{"local_timestamp":1684405717848,"stderr":true,"stdout":"\u001b[1;38;5;39mCOMET INFO:\u001b[0m     hsv_v              : 0.4\n"},"type":"ws_msg"}
{"payload":{"local_timestamp":1684405717850,"stderr":true,"stdout":"\u001b[1;38;5;39mCOMET INFO:\u001b[0m     hyp                : {\"anchor_t\": 4.0, \"box\": 0.05, \"cls\": 0.5, \"cls_pw\": 1.0, \"copy_paste\": 0.0, \"degrees\": 0.0, \"fl_gamma\": 0.0, \"fliplr\": 0.5, \"flipud\": 0.0, \"hsv_h\": 0.015, \"hsv_s\": 0.7, \"hsv_v\": 0.4, \"iou_t\": 0.2, \"lr0\": 0.01, \"lrf\": 0.01, \"mixup\": 0.0, \"momentum\": 0.937, \"mosaic\": 1.0, \"obj\": 1.0, \"obj_pw\": 1.0, \"perspective\": 0.0, \"scale\": 0.5, \"shear\": 0.0, \"translate\": 0.1, \"warmup_bias_lr\": 0.1, \"warmup_epochs\": 3.0, \"warmup_momentum\": 0.8, \"weight_decay\": 0.0005}\n"},"type":"ws_msg"}
{"payload":{"local_timestamp":1684405717851,"stderr":true,"stdout":"\u001b[1;38;5;39mCOMET INFO:\u001b[0m     image_weights      : False\n"},"type":"ws_msg"}
{"payload":{"local_timestamp":1684405717852,"stderr":true,"stdout":"\u001b[1;38;5;39mCOMET INFO:\u001b[0m     imgsz              : 640\n"},"type":"ws_msg"}
{"payload":{"local_timestamp":1684405717852,"stderr":true,"stdout":"\u001b[1;38;5;39mCOMET INFO:\u001b[0m     iou_t              : 0.2\n"},"type":"ws_msg"}
{"payload":{"local_timestamp":1684405717853,"stderr":true,"stdout":"\u001b[1;38;5;39mCOMET INFO:\u001b[0m     label_smoothing    : 0.0\n"},"type":"ws_msg"}
{"payload":{"local_timestamp":1684405717857,"stderr":true,"stdout":"\u001b[1;38;5;39mCOMET INFO:\u001b[0m     local_rank         : -1\n"},"type":"ws_msg"}
{"payload":{"local_timestamp":1684405717858,"stderr":true,"stdout":"\u001b[1;38;5;39mCOMET INFO:\u001b[0m     lr0                : 0.01\n"},"type":"ws_msg"}
{"payload":{"local_timestamp":1684405717858,"stderr":true,"stdout":"\u001b[1;38;5;39mCOMET INFO:\u001b[0m     lrf                : 0.01\n"},"type":"ws_msg"}
{"payload":{"local_timestamp":1684405717859,"stderr":true,"stdout":"\u001b[1;38;5;39mCOMET INFO:\u001b[0m     mixup              : 0.0\n"},"type":"ws_msg"}
{"payload":{"local_timestamp":1684405717860,"stderr":true,"stdout":"\u001b[1;38;5;39mCOMET INFO:\u001b[0m     momentum           : 0.937\n"},"type":"ws_msg"}
{"payload":{"local_timestamp":1684405717861,"stderr":true,"stdout":"\u001b[1;38;5;39mCOMET INFO:\u001b[0m     mosaic             : 1.0\n"},"type":"ws_msg"}
{"payload":{"local_timestamp":1684405717861,"stderr":true,"stdout":"\u001b[1;38;5;39mCOMET INFO:\u001b[0m     multi_scale        : False\n"},"type":"ws_msg"}
{"payload":{"local_timestamp":1684405717862,"stderr":true,"stdout":"\u001b[1;38;5;39mCOMET INFO:\u001b[0m     name               : exp\n"},"type":"ws_msg"}
{"payload":{"local_timestamp":1684405717863,"stderr":true,"stdout":"\u001b[1;38;5;39mCOMET INFO:\u001b[0m     noautoanchor       : False\n"},"type":"ws_msg"}
{"payload":{"local_timestamp":1684405717863,"stderr":true,"stdout":"\u001b[1;38;5;39mCOMET INFO:\u001b[0m     noplots            : False\n"},"type":"ws_msg"}
{"payload":{"local_timestamp":1684405717864,"stderr":true,"stdout":"\u001b[1;38;5;39mCOMET INFO:\u001b[0m     nosave             : False\n"},"type":"ws_msg"}
{"payload":{"local_timestamp":1684405717865,"stderr":true,"stdout":"\u001b[1;38;5;39mCOMET INFO:\u001b[0m     noval              : False\n"},"type":"ws_msg"}
{"payload":{"local_timestamp":1684405717866,"stderr":true,"stdout":"\u001b[1;38;5;39mCOMET INFO:\u001b[0m     obj                : 1.0\n"},"type":"ws_msg"}
{"payload":{"local_timestamp":1684405717867,"stderr":true,"stdout":"\u001b[1;38;5;39mCOMET INFO:\u001b[0m     obj_pw             : 1.0\n"},"type":"ws_msg"}
{"payload":{"local_timestamp":1684405717867,"stderr":true,"stdout":"\u001b[1;38;5;39mCOMET INFO:\u001b[0m     optimizer          : SGD\n"},"type":"ws_msg"}
{"payload":{"local_timestamp":1684405717868,"stderr":true,"stdout":"\u001b[1;38;5;39mCOMET INFO:\u001b[0m     patience           : 100\n"},"type":"ws_msg"}
{"payload":{"local_timestamp":1684405717868,"stderr":true,"stdout":"\u001b[1;38;5;39mCOMET INFO:\u001b[0m     perspective        : 0.0\n"},"type":"ws_msg"}
{"payload":{"local_timestamp":1684405717872,"stderr":true,"stdout":"\u001b[1;38;5;39mCOMET INFO:\u001b[0m     project            : runs\\train\n"},"type":"ws_msg"}
{"payload":{"local_timestamp":1684405717873,"stderr":true,"stdout":"\u001b[1;38;5;39mCOMET INFO:\u001b[0m     quad               : False\n"},"type":"ws_msg"}
{"payload":{"local_timestamp":1684405717873,"stderr":true,"stdout":"\u001b[1;38;5;39mCOMET INFO:\u001b[0m     rect               : False\n"},"type":"ws_msg"}
{"payload":{"local_timestamp":1684405717874,"stderr":true,"stdout":"\u001b[1;38;5;39mCOMET INFO:\u001b[0m     resume             : False\n"},"type":"ws_msg"}
{"payload":{"local_timestamp":1684405717875,"stderr":true,"stdout":"\u001b[1;38;5;39mCOMET INFO:\u001b[0m     save_dir           : runs\\train\\exp9\n"},"type":"ws_msg"}
{"payload":{"local_timestamp":1684405717875,"stderr":true,"stdout":"\u001b[1;38;5;39mCOMET INFO:\u001b[0m     save_period        : -1\n"},"type":"ws_msg"}
{"payload":{"local_timestamp":1684405717876,"stderr":true,"stdout":"\u001b[1;38;5;39mCOMET INFO:\u001b[0m     scale              : 0.5\n"},"type":"ws_msg"}
{"payload":{"local_timestamp":1684405717877,"stderr":true,"stdout":"\u001b[1;38;5;39mCOMET INFO:\u001b[0m     seed               : 0\n"},"type":"ws_msg"}
{"payload":{"local_timestamp":1684405717877,"stderr":true,"stdout":"\u001b[1;38;5;39mCOMET INFO:\u001b[0m     shear              : 0.0\n"},"type":"ws_msg"}
{"payload":{"local_timestamp":1684405717878,"stderr":true,"stdout":"\u001b[1;38;5;39mCOMET INFO:\u001b[0m     single_cls         : False\n"},"type":"ws_msg"}
{"payload":{"local_timestamp":1684405717879,"stderr":true,"stdout":"\u001b[1;38;5;39mCOMET INFO:\u001b[0m     sync_bn            : False\n"},"type":"ws_msg"}
{"payload":{"local_timestamp":1684405717879,"stderr":true,"stdout":"\u001b[1;38;5;39mCOMET INFO:\u001b[0m     translate          : 0.1\n"},"type":"ws_msg"}
{"payload":{"local_timestamp":1684405717880,"stderr":true,"stdout":"\u001b[1;38;5;39mCOMET INFO:\u001b[0m     upload_dataset     : False\n"},"type":"ws_msg"}
{"payload":{"local_timestamp":1684405717881,"stderr":true,"stdout":"\u001b[1;38;5;39mCOMET INFO:\u001b[0m     val_conf_threshold : 0.001\n"},"type":"ws_msg"}
{"payload":{"local_timestamp":1684405717881,"stderr":true,"stdout":"\u001b[1;38;5;39mCOMET INFO:\u001b[0m     val_iou_threshold  : 0.6\n"},"type":"ws_msg"}
{"payload":{"local_timestamp":1684405717882,"stderr":true,"stdout":"\u001b[1;38;5;39mCOMET INFO:\u001b[0m     warmup_bias_lr     : 0.1\n"},"type":"ws_msg"}
{"payload":{"local_timestamp":1684405717883,"stderr":true,"stdout":"\u001b[1;38;5;39mCOMET INFO:\u001b[0m     warmup_epochs      : 3.0\n"},"type":"ws_msg"}
{"payload":{"local_timestamp":1684405717883,"stderr":true,"stdout":"\u001b[1;38;5;39mCOMET INFO:\u001b[0m     warmup_momentum    : 0.8\n"},"type":"ws_msg"}
{"payload":{"local_timestamp":1684405717884,"stderr":true,"stdout":"\u001b[1;38;5;39mCOMET INFO:\u001b[0m     weight_decay       : 0.0005\n"},"type":"ws_msg"}
{"payload":{"local_timestamp":1684405717884,"stderr":true,"stdout":"\u001b[1;38;5;39mCOMET INFO:\u001b[0m     workers            : 8\n"},"type":"ws_msg"}
{"payload":{"local_timestamp":1684405717887,"stderr":true,"stdout":"\u001b[1;38;5;39mCOMET INFO:\u001b[0m   Uploads:\n"},"type":"ws_msg"}
{"payload":{"local_timestamp":1684405717888,"stderr":true,"stdout":"\u001b[1;38;5;39mCOMET INFO:\u001b[0m     asset               : 3 (1.97 KB)\n"},"type":"ws_msg"}
{"payload":{"local_timestamp":1684405717889,"stderr":true,"stdout":"\u001b[1;38;5;39mCOMET INFO:\u001b[0m     environment details : 1\n"},"type":"ws_msg"}
{"payload":{"local_timestamp":1684405717889,"stderr":true,"stdout":"\u001b[1;38;5;39mCOMET INFO:\u001b[0m     git metadata        : 1\n"},"type":"ws_msg"}
{"payload":{"local_timestamp":1684405717890,"stderr":true,"stdout":"\u001b[1;38;5;39mCOMET INFO:\u001b[0m     installed packages  : 1\n"},"type":"ws_msg"}
{"payload":{"local_timestamp":1684405717891,"stderr":true,"stdout":"\u001b[1;38;5;39mCOMET INFO:\u001b[0m \n"},"type":"ws_msg"}
{"payload":{"local_timestamp":1684405717892,"stderr":true,"stdout":"\u001b[1;38;5;214mCOMET WARNING:\u001b[0m Experiment Name is generated at upload time for Offline Experiments unless set explicitly with Experiment.set_name\n"},"type":"ws_msg"}
{"payload":{"local_timestamp":1684405717892,"stderr":true,"stdout":"\u001b[1;38;5;214mCOMET WARNING:\u001b[0m To get all data logged automatically, import comet_ml before the following modules: torch, tensorboard.\n"},"type":"ws_msg"}
{"payload":{"local_timestamp":1684405717892,"log_other":{"key":"sys.already_imported_modules","val":"[\"torch\", \"tensorboard\"]"}},"type":"ws_msg"}
