{"payload":{"installed_packages":["absl-py==1.4.0","asttokens==2.2.1","attrs==23.1.0","backcall==0.2.0","brotlipy==0.7.0","cachetools==5.3.0","certifi==2023.5.7","cffi==1.15.1","chardet==5.1.0","charset-normalizer==2.0.4","colorama==0.4.6","comet-ml==3.33.3","configobj==5.0.8","contourpy==1.0.7","cryptography==39.0.1","cycler==0.11.0","decorator==5.1.1","dulwich==0.21.5","everett==3.1.0","executing==1.2.0","filelock==3.12.0","fonttools==4.39.4","gitdb==4.0.10","gitpython==3.1.31","google-auth-oauthlib==1.0.0","google-auth==2.18.0","grpcio==1.54.2","idna==3.4","importlib-metadata==6.6.0","importlib-resources==5.12.0","ipython==8.13.2","jedi==0.18.2","jinja2==3.1.2","jsonschema==4.17.3","kiwisolver==1.4.4","markdown-it-py==2.2.0","markdown==3.4.3","markupsafe==2.1.1","matplotlib-inline==0.1.6","matplotlib==3.7.1","mdurl==0.1.2","mkl-fft==1.3.6","mkl-random==1.2.2","mkl-service==2.4.0","mpmath==1.2.1","networkx==2.8.4","numpy==1.24.3","oauthlib==3.2.2","opencv-python==4.7.0.72","packaging==23.1","pandas==2.0.1","parso==0.8.3","pickleshare==0.7.5","pillow==9.4.0","pip==23.0.1","prompt-toolkit==3.0.38","protobuf==4.23.0","psutil==5.9.5","pure-eval==0.2.2","pyasn1-modules==0.3.0","pyasn1==0.5.0","pycparser==2.21","pygments==2.15.1","pyopenssl==23.0.0","pyparsing==3.0.9","pyrsistent==0.19.3","pysocks==1.7.1","python-box==6.1.0","python-dateutil==2.8.2","pytz==2023.3","pyyaml==6.0","requests-oauthlib==1.3.1","requests-toolbelt==1.0.0","requests==2.29.0","rich==13.3.5","rsa==4.9","scipy==1.10.1","seaborn==0.12.2","semantic-version==2.10.0","sentry-sdk==1.23.0","setuptools==66.0.0","simplejson==3.19.1","six==1.16.0","smmap==5.0.0","stack-data==0.6.2","sympy==1.11.1","tensorboard-data-server==0.7.0","tensorboard==2.13.0","thop==0.1.1.post2209072238","torch==2.0.1","torchaudio==2.0.2","torchvision==0.15.2","tqdm==4.65.0","traitlets==5.9.0","typing-extensions==4.5.0","tzdata==2023.3","ultralytics==8.0.103","urllib3==1.26.15","wcwidth==0.2.6","websocket-client==1.3.3","werkzeug==2.3.4","wheel==0.38.4","win-inet-pton==1.1.0","wrapt==1.15.0","wurlitzer==3.0.3","zipp==3.15.0"],"local_timestamp":1684337647737},"type":"ws_msg"}
{"payload":{"env_details":{"command":["train.py","--img","640","--epochs","3","--data","coco128.yaml","--weights","yolov5s.pt","--batch-size","4"],"env":null,"hostname":"DESKTOP-IKMKNBO","ip":"192.168.0.110","machine":"AMD64","os":"Windows-10-10.0.19044-SP0","os_release":"10","os_type":"Windows","pid":4364,"processor":"Intel64 Family 6 Model 62 Stepping 4, GenuineIntel","python_exe":"C:\\Users\\Provonsal\\miniconda3\\envs\\yol\\python.exe","python_version":"3.9.16","python_version_verbose":"3.9.16 (main, Mar  8 2023, 10:39:24) [MSC v.1916 64 bit (AMD64)]","user":"Provonsal"},"local_timestamp":1684337647824},"type":"ws_msg"}
{"payload":{"gpu_static_info":[{"gpu_index":0,"name":"NVIDIA GeForce RTX 3060 Ti","power_limit":200000,"total_memory":8589934592,"uuid":"GPU-d804fe87-e1b9-01a4-a3a0-ea4018096c59"}],"local_timestamp":1684337647858},"type":"ws_msg"}
{"payload":{"local_timestamp":1684337647863,"metric":{"epoch":null,"metricName":"sys.gpu.0.total_memory","metricValue":8589934592,"step":null}},"type":"metric_msg"}
{"payload":{"local_timestamp":1684337648284,"param":{"paramName":"img","paramValue":640,"source":"cli","step":null}},"type":"parameter_msg"}
{"payload":{"local_timestamp":1684337648285,"param":{"paramName":"epochs","paramValue":3,"source":"cli","step":null}},"type":"parameter_msg"}
{"payload":{"local_timestamp":1684337648285,"param":{"paramName":"data","paramValue":"coco128.yaml","source":"cli","step":null}},"type":"parameter_msg"}
{"payload":{"local_timestamp":1684337648285,"param":{"paramName":"weights","paramValue":"yolov5s.pt","source":"cli","step":null}},"type":"parameter_msg"}
{"payload":{"local_timestamp":1684337648285,"param":{"paramName":"batch-size","paramValue":4,"source":"cli","step":null}},"type":"parameter_msg"}
{"payload":{"local_timestamp":1684337648285,"metric":{"epoch":null,"metricName":"sys.cpu.percent.avg","metricValue":18.6375,"step":null}},"type":"metric_msg"}
{"payload":{"local_timestamp":1684337648285,"metric":{"epoch":null,"metricName":"sys.load.avg","metricValue":0.0,"step":null}},"type":"metric_msg"}
{"payload":{"local_timestamp":1684337648285,"metric":{"epoch":null,"metricName":"sys.ram.total","metricValue":25686081536,"step":null}},"type":"metric_msg"}
{"payload":{"local_timestamp":1684337648285,"metric":{"epoch":null,"metricName":"sys.ram.used","metricValue":11810480128,"step":null}},"type":"metric_msg"}
{"payload":{"local_timestamp":1684337648286,"log_other":{"key":"offline_experiment","val":true}},"type":"ws_msg"}
{"payload":{"additional_params":{"assetId":"75c9dfa959da4f94981501be78512a2e","context":null,"extension":"yaml","fileName":"coco128.yaml","overwrite":false,"runId":null,"step":null},"clean":true,"file_path":"tmp3kike_ub","local_timestamp":1684337648292,"metadata":{"type":"data-config-file"},"upload_type":"asset"},"type":"file_upload"}
{"payload":{"local_timestamp":1684337648297,"metric":{"epoch":null,"metricName":"sys.gpu.0.free_memory","metricValue":6384513024,"step":null}},"type":"metric_msg"}
{"payload":{"local_timestamp":1684337648297,"metric":{"epoch":null,"metricName":"sys.gpu.0.gpu_utilization","metricValue":15,"step":null}},"type":"metric_msg"}
{"payload":{"local_timestamp":1684337648297,"metric":{"epoch":null,"metricName":"sys.gpu.0.power_usage","metricValue":14850,"step":null}},"type":"metric_msg"}
{"payload":{"local_timestamp":1684337648297,"metric":{"epoch":null,"metricName":"sys.gpu.0.temperature","metricValue":42,"step":null}},"type":"metric_msg"}
{"payload":{"local_timestamp":1684337648297,"metric":{"epoch":null,"metricName":"sys.gpu.0.used_memory","metricValue":2205421568,"step":null}},"type":"metric_msg"}
{"payload":{"local_timestamp":1684337648299,"log_other":{"key":"Created from","val":"YOLOv5"}},"type":"ws_msg"}
{"payload":{"local_timestamp":1684337648299,"param":{"paramName":"artifact_alias","paramValue":"latest","source":"manual","step":null}},"type":"parameter_msg"}
{"payload":{"local_timestamp":1684337648299,"param":{"paramName":"batch_size","paramValue":4,"source":"manual","step":null}},"type":"parameter_msg"}
{"payload":{"local_timestamp":1684337648299,"param":{"paramName":"bbox_interval","paramValue":-1,"source":"manual","step":null}},"type":"parameter_msg"}
{"payload":{"local_timestamp":1684337648299,"param":{"paramName":"bucket","paramValue":"","source":"manual","step":null}},"type":"parameter_msg"}
{"payload":{"local_timestamp":1684337648299,"param":{"paramName":"cache","paramValue":null,"source":"manual","step":null}},"type":"parameter_msg"}
{"payload":{"local_timestamp":1684337648300,"param":{"paramName":"cfg","paramValue":"","source":"manual","step":null}},"type":"parameter_msg"}
{"payload":{"local_timestamp":1684337648300,"param":{"paramName":"cos_lr","paramValue":false,"source":"manual","step":null}},"type":"parameter_msg"}
{"payload":{"local_timestamp":1684337648300,"param":{"paramName":"data","paramValue":"C:\\Users\\Provonsal\\source\\repos\\yolov5\\data\\coco128.yaml","source":"manual","step":null}},"type":"parameter_msg"}
{"payload":{"local_timestamp":1684337648300,"param":{"paramName":"device","paramValue":"","source":"manual","step":null}},"type":"parameter_msg"}
{"payload":{"local_timestamp":1684337648300,"param":{"paramName":"entity","paramValue":null,"source":"manual","step":null}},"type":"parameter_msg"}
{"payload":{"local_timestamp":1684337648300,"param":{"paramName":"evolve","paramValue":null,"source":"manual","step":null}},"type":"parameter_msg"}
{"payload":{"local_timestamp":1684337648300,"param":{"paramName":"exist_ok","paramValue":false,"source":"manual","step":null}},"type":"parameter_msg"}
{"payload":{"local_timestamp":1684337648300,"params":{"paramName":"freeze","paramValue":[0],"source":"manual","step":null}},"type":"parameter_msg"}
{"payload":{"local_timestamp":1684337648300,"param":{"paramName":"hyp","paramValue":"{\"anchor_t\": 4.0, \"box\": 0.05, \"cls\": 0.5, \"cls_pw\": 1.0, \"copy_paste\": 0.0, \"degrees\": 0.0, \"fl_gamma\": 0.0, \"fliplr\": 0.5, \"flipud\": 0.0, \"hsv_h\": 0.015, \"hsv_s\": 0.7, \"hsv_v\": 0.4, \"iou_t\": 0.2, \"lr0\": 0.01, \"lrf\": 0.01, \"mixup\": 0.0, \"momentum\": 0.937, \"mosaic\": 1.0, \"obj\": 1.0, \"obj_pw\": 1.0, \"perspective\": 0.0, \"scale\": 0.5, \"shear\": 0.0, \"translate\": 0.1, \"warmup_bias_lr\": 0.1, \"warmup_epochs\": 3.0, \"warmup_momentum\": 0.8, \"weight_decay\": 0.0005}","source":"manual","step":null}},"type":"parameter_msg"}
{"payload":{"local_timestamp":1684337648300,"param":{"paramName":"image_weights","paramValue":false,"source":"manual","step":null}},"type":"parameter_msg"}
{"payload":{"local_timestamp":1684337648300,"param":{"paramName":"imgsz","paramValue":640,"source":"manual","step":null}},"type":"parameter_msg"}
{"payload":{"local_timestamp":1684337648301,"param":{"paramName":"label_smoothing","paramValue":0.0,"source":"manual","step":null}},"type":"parameter_msg"}
{"payload":{"local_timestamp":1684337648301,"param":{"paramName":"local_rank","paramValue":-1,"source":"manual","step":null}},"type":"parameter_msg"}
{"payload":{"local_timestamp":1684337648301,"param":{"paramName":"multi_scale","paramValue":false,"source":"manual","step":null}},"type":"parameter_msg"}
{"payload":{"local_timestamp":1684337648301,"param":{"paramName":"name","paramValue":"exp","source":"manual","step":null}},"type":"parameter_msg"}
{"payload":{"local_timestamp":1684337648301,"param":{"paramName":"noautoanchor","paramValue":false,"source":"manual","step":null}},"type":"parameter_msg"}
{"payload":{"local_timestamp":1684337648301,"param":{"paramName":"noplots","paramValue":false,"source":"manual","step":null}},"type":"parameter_msg"}
{"payload":{"local_timestamp":1684337648301,"param":{"paramName":"nosave","paramValue":false,"source":"manual","step":null}},"type":"parameter_msg"}
{"payload":{"local_timestamp":1684337648301,"param":{"paramName":"noval","paramValue":false,"source":"manual","step":null}},"type":"parameter_msg"}
{"payload":{"local_timestamp":1684337648301,"param":{"paramName":"optimizer","paramValue":"SGD","source":"manual","step":null}},"type":"parameter_msg"}
{"payload":{"local_timestamp":1684337648301,"param":{"paramName":"patience","paramValue":100,"source":"manual","step":null}},"type":"parameter_msg"}
{"payload":{"local_timestamp":1684337648301,"param":{"paramName":"project","paramValue":"runs\\train","source":"manual","step":null}},"type":"parameter_msg"}
{"payload":{"local_timestamp":1684337648301,"param":{"paramName":"quad","paramValue":false,"source":"manual","step":null}},"type":"parameter_msg"}
{"payload":{"local_timestamp":1684337648301,"param":{"paramName":"rect","paramValue":false,"source":"manual","step":null}},"type":"parameter_msg"}
{"payload":{"local_timestamp":1684337648301,"param":{"paramName":"resume","paramValue":false,"source":"manual","step":null}},"type":"parameter_msg"}
{"payload":{"local_timestamp":1684337648301,"param":{"paramName":"save_dir","paramValue":"runs\\train\\exp4","source":"manual","step":null}},"type":"parameter_msg"}
{"payload":{"local_timestamp":1684337648301,"param":{"paramName":"save_period","paramValue":-1,"source":"manual","step":null}},"type":"parameter_msg"}
{"payload":{"local_timestamp":1684337648301,"param":{"paramName":"seed","paramValue":0,"source":"manual","step":null}},"type":"parameter_msg"}
{"payload":{"local_timestamp":1684337648301,"param":{"paramName":"single_cls","paramValue":false,"source":"manual","step":null}},"type":"parameter_msg"}
{"payload":{"local_timestamp":1684337648301,"param":{"paramName":"sync_bn","paramValue":false,"source":"manual","step":null}},"type":"parameter_msg"}
{"payload":{"local_timestamp":1684337648301,"param":{"paramName":"upload_dataset","paramValue":false,"source":"manual","step":null}},"type":"parameter_msg"}
{"payload":{"local_timestamp":1684337648301,"param":{"paramName":"workers","paramValue":8,"source":"manual","step":null}},"type":"parameter_msg"}
{"payload":{"local_timestamp":1684337648301,"param":{"paramName":"anchor_t","paramValue":4.0,"source":"manual","step":null}},"type":"parameter_msg"}
{"payload":{"local_timestamp":1684337648301,"param":{"paramName":"box","paramValue":0.05,"source":"manual","step":null}},"type":"parameter_msg"}
{"payload":{"local_timestamp":1684337648301,"param":{"paramName":"cls","paramValue":0.5,"source":"manual","step":null}},"type":"parameter_msg"}
{"payload":{"local_timestamp":1684337648301,"param":{"paramName":"cls_pw","paramValue":1.0,"source":"manual","step":null}},"type":"parameter_msg"}
{"payload":{"local_timestamp":1684337648301,"param":{"paramName":"copy_paste","paramValue":0.0,"source":"manual","step":null}},"type":"parameter_msg"}
{"payload":{"local_timestamp":1684337648301,"param":{"paramName":"degrees","paramValue":0.0,"source":"manual","step":null}},"type":"parameter_msg"}
{"payload":{"local_timestamp":1684337648301,"param":{"paramName":"fl_gamma","paramValue":0.0,"source":"manual","step":null}},"type":"parameter_msg"}
{"payload":{"local_timestamp":1684337648302,"param":{"paramName":"fliplr","paramValue":0.5,"source":"manual","step":null}},"type":"parameter_msg"}
{"payload":{"local_timestamp":1684337648302,"param":{"paramName":"flipud","paramValue":0.0,"source":"manual","step":null}},"type":"parameter_msg"}
{"payload":{"local_timestamp":1684337648302,"param":{"paramName":"hsv_h","paramValue":0.015,"source":"manual","step":null}},"type":"parameter_msg"}
{"payload":{"local_timestamp":1684337648302,"param":{"paramName":"hsv_s","paramValue":0.7,"source":"manual","step":null}},"type":"parameter_msg"}
{"payload":{"local_timestamp":1684337648302,"param":{"paramName":"hsv_v","paramValue":0.4,"source":"manual","step":null}},"type":"parameter_msg"}
{"payload":{"local_timestamp":1684337648302,"param":{"paramName":"iou_t","paramValue":0.2,"source":"manual","step":null}},"type":"parameter_msg"}
{"payload":{"local_timestamp":1684337648302,"param":{"paramName":"lr0","paramValue":0.01,"source":"manual","step":null}},"type":"parameter_msg"}
{"payload":{"local_timestamp":1684337648302,"param":{"paramName":"lrf","paramValue":0.01,"source":"manual","step":null}},"type":"parameter_msg"}
{"payload":{"local_timestamp":1684337648302,"param":{"paramName":"mixup","paramValue":0.0,"source":"manual","step":null}},"type":"parameter_msg"}
{"payload":{"local_timestamp":1684337648302,"param":{"paramName":"momentum","paramValue":0.937,"source":"manual","step":null}},"type":"parameter_msg"}
{"payload":{"local_timestamp":1684337648302,"param":{"paramName":"mosaic","paramValue":1.0,"source":"manual","step":null}},"type":"parameter_msg"}
{"payload":{"local_timestamp":1684337648302,"param":{"paramName":"obj","paramValue":1.0,"source":"manual","step":null}},"type":"parameter_msg"}
{"payload":{"local_timestamp":1684337648302,"param":{"paramName":"obj_pw","paramValue":1.0,"source":"manual","step":null}},"type":"parameter_msg"}
{"payload":{"local_timestamp":1684337648302,"param":{"paramName":"perspective","paramValue":0.0,"source":"manual","step":null}},"type":"parameter_msg"}
{"payload":{"local_timestamp":1684337648302,"param":{"paramName":"scale","paramValue":0.5,"source":"manual","step":null}},"type":"parameter_msg"}
{"payload":{"local_timestamp":1684337648302,"param":{"paramName":"shear","paramValue":0.0,"source":"manual","step":null}},"type":"parameter_msg"}
{"payload":{"local_timestamp":1684337648302,"param":{"paramName":"translate","paramValue":0.1,"source":"manual","step":null}},"type":"parameter_msg"}
{"payload":{"local_timestamp":1684337648302,"param":{"paramName":"warmup_bias_lr","paramValue":0.1,"source":"manual","step":null}},"type":"parameter_msg"}
{"payload":{"local_timestamp":1684337648302,"param":{"paramName":"warmup_epochs","paramValue":3.0,"source":"manual","step":null}},"type":"parameter_msg"}
{"payload":{"local_timestamp":1684337648302,"param":{"paramName":"warmup_momentum","paramValue":0.8,"source":"manual","step":null}},"type":"parameter_msg"}
{"payload":{"local_timestamp":1684337648302,"param":{"paramName":"weight_decay","paramValue":0.0005,"source":"manual","step":null}},"type":"parameter_msg"}
{"payload":{"additional_params":{"assetId":"69518361c1dc46af93b805e509ce6019","context":null,"epoch":null,"extension":"json","fileName":"hyperparameters.json","overwrite":false,"runId":null,"step":null},"clean":true,"file_path":"tmpp_hs7_1o","local_timestamp":1684337648317,"metadata":{"type":"hyp-config-file"},"upload_type":"asset"},"type":"file_upload"}
{"payload":{"additional_params":{"assetId":"821232e0920844f98050285c719b9c80","context":null,"extension":"yaml","fileName":"opt.yaml","overwrite":false,"runId":null,"step":null},"clean":true,"file_path":"tmpy0dkp1tg","local_timestamp":1684337648315,"metadata":{"type":"opt-config-file"},"upload_type":"asset"},"type":"file_upload"}
{"payload":{"local_timestamp":1684337648315,"param":{"paramName":"val_conf_threshold","paramValue":0.001,"source":"manual","step":null}},"type":"parameter_msg"}
{"payload":{"local_timestamp":1684337648315,"param":{"paramName":"val_iou_threshold","paramValue":0.6,"source":"manual","step":null}},"type":"parameter_msg"}
{"payload":{"local_timestamp":1684337648315,"log_other":{"key":"comet_mode","val":"online"}},"type":"ws_msg"}
{"payload":{"local_timestamp":1684337648315,"log_other":{"key":"comet_max_image_uploads","val":100}},"type":"ws_msg"}
{"payload":{"local_timestamp":1684337648316,"log_other":{"key":"comet_log_per_class_metrics","val":false}},"type":"ws_msg"}
{"payload":{"local_timestamp":1684337648316,"log_other":{"key":"comet_log_batch_metrics","val":false}},"type":"ws_msg"}
{"payload":{"local_timestamp":1684337648316,"log_other":{"key":"comet_log_confusion_matrix","val":true}},"type":"ws_msg"}
{"payload":{"local_timestamp":1684337648316,"log_other":{"key":"comet_model_name","val":"yolov5"}},"type":"ws_msg"}
{"payload":{"local_timestamp":1684337648419,"stderr":true,"stdout":"Overriding model.yaml nc=80 with nc=1\n"},"type":"ws_msg"}
{"payload":{"local_timestamp":1684337648420,"stderr":true,"stdout":"\n                 from  n    params  module                                  arguments                     \n"},"type":"ws_msg"}
{"payload":{"local_timestamp":1684337648422,"stderr":true,"stdout":"  0                -1  1      3520  models.common.Conv                      [3, 32, 6, 2, 2]              \n"},"type":"ws_msg"}
{"payload":{"local_timestamp":1684337648424,"stderr":true,"stdout":"  1                -1  1     18560  models.common.Conv                      [32, 64, 3, 2]                \n"},"type":"ws_msg"}
{"payload":{"local_timestamp":1684337648430,"stderr":true,"stdout":"  2                -1  1     18816  models.common.C3                        [64, 64, 1]                   \n"},"type":"ws_msg"}
{"payload":{"local_timestamp":1684337648431,"stderr":true,"stdout":"  3                -1  1     73984  models.common.Conv                      [64, 128, 3, 2]               \n"},"type":"ws_msg"}
{"payload":{"local_timestamp":1684337648440,"stderr":true,"stdout":"  4                -1  2    115712  models.common.C3                        [128, 128, 2]                 \n"},"type":"ws_msg"}
{"payload":{"local_timestamp":1684337648444,"stderr":true,"stdout":"  5                -1  1    295424  models.common.Conv                      [128, 256, 3, 2]              \n"},"type":"ws_msg"}
{"payload":{"local_timestamp":1684337648458,"stderr":true,"stdout":"  6                -1  3    625152  models.common.C3                        [256, 256, 3]                 \n"},"type":"ws_msg"}
{"payload":{"local_timestamp":1684337648469,"stderr":true,"stdout":"  7                -1  1   1180672  models.common.Conv                      [256, 512, 3, 2]              \n"},"type":"ws_msg"}
{"payload":{"local_timestamp":1684337648484,"stderr":true,"stdout":"  8                -1  1   1182720  models.common.C3                        [512, 512, 1]                 \n"},"type":"ws_msg"}
{"payload":{"local_timestamp":1684337648492,"stderr":true,"stdout":"  9                -1  1    656896  models.common.SPPF                      [512, 512, 5]                 \n"},"type":"ws_msg"}
{"payload":{"local_timestamp":1684337648494,"stderr":true,"stdout":" 10                -1  1    131584  models.common.Conv                      [512, 256, 1, 1]              \n"},"type":"ws_msg"}
{"payload":{"local_timestamp":1684337648495,"stderr":true,"stdout":" 11                -1  1         0  torch.nn.modules.upsampling.Upsample    [None, 2, 'nearest']          \n"},"type":"ws_msg"}
{"payload":{"local_timestamp":1684337648495,"stderr":true,"stdout":" 12           [-1, 6]  1         0  models.common.Concat                    [1]                           \n"},"type":"ws_msg"}
{"payload":{"local_timestamp":1684337648504,"stderr":true,"stdout":" 13                -1  1    361984  models.common.C3                        [512, 256, 1, False]          \n"},"type":"ws_msg"}
{"payload":{"local_timestamp":1684337648506,"stderr":true,"stdout":" 14                -1  1     33024  models.common.Conv                      [256, 128, 1, 1]              \n"},"type":"ws_msg"}
{"payload":{"local_timestamp":1684337648506,"stderr":true,"stdout":" 15                -1  1         0  torch.nn.modules.upsampling.Upsample    [None, 2, 'nearest']          \n"},"type":"ws_msg"}
{"payload":{"local_timestamp":1684337648508,"stderr":true,"stdout":" 16           [-1, 4]  1         0  models.common.Concat                    [1]                           \n"},"type":"ws_msg"}
{"payload":{"local_timestamp":1684337648515,"stderr":true,"stdout":" 17                -1  1     90880  models.common.C3                        [256, 128, 1, False]          \n"},"type":"ws_msg"}
{"payload":{"local_timestamp":1684337648518,"stderr":true,"stdout":" 18                -1  1    147712  models.common.Conv                      [128, 128, 3, 2]              \n"},"type":"ws_msg"}
{"payload":{"local_timestamp":1684337648518,"stderr":true,"stdout":" 19          [-1, 14]  1         0  models.common.Concat                    [1]                           \n"},"type":"ws_msg"}
{"payload":{"local_timestamp":1684337648526,"stderr":true,"stdout":" 20                -1  1    296448  models.common.C3                        [256, 256, 1, False]          \n"},"type":"ws_msg"}
{"payload":{"local_timestamp":1684337648533,"stderr":true,"stdout":" 21                -1  1    590336  models.common.Conv                      [256, 256, 3, 2]              \n"},"type":"ws_msg"}
{"payload":{"local_timestamp":1684337648533,"stderr":true,"stdout":" 22          [-1, 10]  1         0  models.common.Concat                    [1]                           \n"},"type":"ws_msg"}
{"payload":{"local_timestamp":1684337648548,"stderr":true,"stdout":" 23                -1  1   1182720  models.common.C3                        [512, 512, 1, False]          \n"},"type":"ws_msg"}
{"payload":{"local_timestamp":1684337648551,"stderr":true,"stdout":" 24      [17, 20, 23]  1     16182  models.yolo.Detect                      [1, [[10, 13, 16, 30, 33, 23], [30, 61, 62, 45, 59, 119], [116, 90, 156, 198, 373, 326]], [128, 256, 512]]\n"},"type":"ws_msg"}
{"payload":{"local_timestamp":1684337649021,"stderr":true,"stdout":"Model summary: 214 layers, 7022326 parameters, 7022326 gradients, 15.9 GFLOPs\n"},"type":"ws_msg"}
{"payload":{"local_timestamp":1684337649023,"stderr":true,"stdout":"\n"},"type":"ws_msg"}
{"payload":{"git_meta":{"branch":"refs/heads/master","origin":"https://github.com/ultralytics/yolov5.git","parent":"ec2b8538cdf1ec3a37f7f2ffff4d591f322cc410","repo_name":"yolov5","root":"1e84a23f38fad9e52b59101e9f1246d93066ed1e","status":null,"user":"Provonsal"},"local_timestamp":1684337649265},"type":"ws_msg"}
{"payload":{"local_timestamp":1684337649278,"stderr":true,"stdout":"\u001b[1;38;5;214mCOMET WARNING:\u001b[0m Unknown error exporting current conda environment\n"},"type":"ws_msg"}
{"payload":{"local_timestamp":1684337649293,"stderr":true,"stdout":"\u001b[1;38;5;214mCOMET WARNING:\u001b[0m Unknown error retrieving Conda package as an explicit file\n"},"type":"ws_msg"}
{"payload":{"local_timestamp":1684337649301,"stderr":true,"stdout":"\u001b[1;38;5;214mCOMET WARNING:\u001b[0m Unknown error retrieving Conda information\n"},"type":"ws_msg"}
{"payload":{"local_timestamp":1684337649347,"stderr":true,"stdout":"Transferred 343/349 items from yolov5s.pt\n"},"type":"ws_msg"}
{"payload":{"local_timestamp":1684337654191,"stderr":true,"stdout":"\u001b[34m\u001b[1mAMP: \u001b[0mchecks passed \n"},"type":"ws_msg"}
{"payload":{"local_timestamp":1684337654195,"stderr":true,"stdout":"\u001b[34m\u001b[1moptimizer:\u001b[0m SGD(lr=0.01) with parameter groups 57 weight(decay=0.0), 60 weight(decay=0.0005), 60 bias\n"},"type":"ws_msg"}
{"payload":{"local_timestamp":1684337654288,"stderr":true,"stdout":"\r\u001b[34m\u001b[1mtrain: \u001b[0mScanning D:\\vajnoe\\python_projects\\data_yolo\\labels.cache... 19 images, 0 backgrounds, 0 corrupt: 100%|\u2588\u2588\u2588\u2588\u2588\u2588\u2588\u2588\u2588\u001b[0m"},"type":"ws_msg"}
{"payload":{"local_timestamp":1684337654289,"stderr":true,"stdout":"\r\u001b[34m\u001b[1mtrain: \u001b[0mScanning D:\\vajnoe\\python_projects\\data_yolo\\labels.cache... 19 images, 0 backgrounds, 0 corrupt: 100%|\u2588\u2588\u2588\u2588\u2588\u2588\u2588\u2588\u2588\u001b[0m"},"type":"ws_msg"}
{"payload":{"local_timestamp":1684337654289,"stderr":true,"stdout":"\n"},"type":"ws_msg"}
{"payload":{"local_timestamp":1684337654826,"stderr":true,"stdout":"\r\u001b[34m\u001b[1mval: \u001b[0mScanning D:\\vajnoe\\python_projects\\data_yolo\\labels.cache... 19 images, 0 backgrounds, 0 corrupt: 100%|\u2588\u2588\u2588\u2588\u2588\u2588\u2588\u2588\u2588\u2588|\u001b[0m"},"type":"ws_msg"}
{"payload":{"local_timestamp":1684337654828,"stderr":true,"stdout":"\r\u001b[34m\u001b[1mval: \u001b[0mScanning D:\\vajnoe\\python_projects\\data_yolo\\labels.cache... 19 images, 0 backgrounds, 0 corrupt: 100%|\u2588\u2588\u2588\u2588\u2588\u2588\u2588\u2588\u2588\u2588|\u001b[0m"},"type":"ws_msg"}
{"payload":{"local_timestamp":1684337654829,"stderr":true,"stdout":"\n"},"type":"ws_msg"}
{"payload":{"local_timestamp":1684337656073,"stderr":true,"stdout":"\n\u001b[34m\u001b[1mAutoAnchor: \u001b[0m5.94 anchors/target, 1.000 Best Possible Recall (BPR). Current anchors are a good fit to dataset \n"},"type":"ws_msg"}
{"payload":{"local_timestamp":1684337656146,"stderr":true,"stdout":"Plotting labels to runs\\train\\exp4\\labels.jpg... \n"},"type":"ws_msg"}
{"payload":{"additional_params":{"assetId":"02bc3dd75cf342ff831db5cfda538e99","context":null,"extension":"jpg","fileName":"labels.jpg","overwrite":false,"runId":null,"step":null},"clean":true,"file_path":"tmprcb9zmh1","local_timestamp":1684337665261,"metadata":{},"upload_type":"asset"},"type":"file_upload"}
{"payload":{"additional_params":{"assetId":"79b5ef63f28a412291ef70df1ad84f8b","context":null,"extension":"jpg","fileName":"labels_correlogram.jpg","overwrite":false,"runId":null,"step":null},"clean":true,"file_path":"tmpx8210liw","local_timestamp":1684337665276,"metadata":{},"upload_type":"asset"},"type":"file_upload"}
{"payload":{"local_timestamp":1684337665279,"param":{"paramName":"cls","paramValue":0.006250000000000001,"source":"manual","step":null}},"type":"parameter_msg"}
{"payload":{"local_timestamp":1684337665280,"stderr":true,"stdout":"Image sizes 640 train, 640 val\nUsing 4 dataloader workers\nLogging results to \u001b[1mruns\\train\\exp4\u001b[0m\nStarting training for 3 epochs...\n"},"type":"ws_msg"}
{"payload":{"local_timestamp":1684337665285,"stderr":true,"stdout":"\n      Epoch    GPU_mem   box_loss   obj_loss   cls_loss  Instances       Size\n"},"type":"ws_msg"}
{"payload":{"local_timestamp":1684337665286,"stderr":true,"stdout":"\r  0%|          | 0/5 [00:00<?, ?it/s]"},"type":"ws_msg"}
{"payload":{"local_timestamp":1684337677446,"stderr":true,"stdout":"\r        0/2     0.956G     0.1227    0.05433          0         31        640:   0%|          | 0/5 [00:12<?, ?it/s]"},"type":"ws_msg"}
{"payload":{"local_timestamp":1684337681228,"stderr":true,"stdout":"\r        0/2     0.956G     0.1227    0.05433          0         31        640:  20%|\u2588\u2588        | 1/5 [00:15<01:03, 15.93"},"type":"ws_msg"}
{"payload":{"local_timestamp":1684337681621,"stderr":true,"stdout":"\r        0/2         1G     0.1219    0.06642          0         50        640:  20%|\u2588\u2588        | 1/5 [00:16<01:03, 15.93"},"type":"ws_msg"}
{"payload":{"local_timestamp":1684337681623,"stderr":true,"stdout":"\r        0/2         1G     0.1219    0.06642          0         50        640:  40%|\u2588\u2588\u2588\u2588      | 2/5 [00:16<00:20,  6.80"},"type":"ws_msg"}
{"payload":{"local_timestamp":1684337681854,"stderr":true,"stdout":"\r        0/2         1G     0.1223    0.06765          0         44        640:  40%|\u2588\u2588\u2588\u2588      | 2/5 [00:16<00:20,  6.80"},"type":"ws_msg"}
{"payload":{"local_timestamp":1684337681855,"stderr":true,"stdout":"\r        0/2         1G     0.1223    0.06765          0         44        640:  60%|\u2588\u2588\u2588\u2588\u2588\u2588    | 3/5 [00:16<00:07,  3.80"},"type":"ws_msg"}
{"payload":{"local_timestamp":1684337682086,"stderr":true,"stdout":"\r        0/2         1G     0.1214    0.06988          0         46        640:  60%|\u2588\u2588\u2588\u2588\u2588\u2588    | 3/5 [00:16<00:07,  3.80"},"type":"ws_msg"}
{"payload":{"local_timestamp":1684337682086,"stderr":true,"stdout":"\r        0/2         1G     0.1214    0.06988          0         46        640:  80%|\u2588\u2588\u2588\u2588\u2588\u2588\u2588\u2588  | 4/5 [00:16<00:02,  2.39"},"type":"ws_msg"}
{"payload":{"local_timestamp":1684337682616,"stderr":true,"stdout":"\r        0/2         1G     0.1222    0.06774          0         27        640:  80%|\u2588\u2588\u2588\u2588\u2588\u2588\u2588\u2588  | 4/5 [00:17<00:02,  2.39"},"type":"ws_msg"}
{"payload":{"local_timestamp":1684337682617,"stderr":true,"stdout":"\r        0/2         1G     0.1222    0.06774          0         27        640: 100%|\u2588\u2588\u2588\u2588\u2588\u2588\u2588\u2588\u2588\u2588| 5/5 [00:17<00:00,  1.72"},"type":"ws_msg"}
{"payload":{"local_timestamp":1684337682617,"stderr":true,"stdout":"\r        0/2         1G     0.1222    0.06774          0         27        640: 100%|\u2588\u2588\u2588\u2588\u2588\u2588\u2588\u2588\u2588\u2588| 5/5 [00:17<00:00,  3.47"},"type":"ws_msg"}
{"payload":{"local_timestamp":1684337682617,"stderr":true,"stdout":"\n"},"type":"ws_msg"}
{"payload":{"local_timestamp":1684337682645,"stderr":true,"stdout":"\r                 Class     Images  Instances          P          R      mAP50   mAP50-95:   0%|          | 0/3 [00:00<?"},"type":"ws_msg"}
{"payload":{"local_timestamp":1684337683160,"stderr":true,"stdout":"\r                 Class     Images  Instances          P          R      mAP50   mAP50-95:  33%|\u2588\u2588\u2588\u258e      | 1/3 [00:00<0"},"type":"ws_msg"}
{"payload":{"local_timestamp":1684337683485,"stderr":true,"stdout":"\r                 Class     Images  Instances          P          R      mAP50   mAP50-95:  67%|\u2588\u2588\u2588\u2588\u2588\u2588\u258b   | 2/3 [00:00<0"},"type":"ws_msg"}
{"payload":{"additional_params":{"context":null,"figCounter":0,"figName":"D:\\vajnoe\\python_projects\\data_yolo\\images\\8936c324-Screenshot_1_curr_epoch_0","imageId":"52dbfe5b10d14251b5dcfcffa3fd64c9","overwrite":false,"runId":null,"step":4},"clean":true,"file_path":"tmpc766m8js","local_timestamp":1684337684022,"metadata":{},"upload_type":"visualization"},"type":"file_upload"}
{"payload":{"local_timestamp":1684337684032,"stderr":true,"stdout":"\r                 Class     Images  Instances          P          R      mAP50   mAP50-95: 100%|\u2588\u2588\u2588\u2588\u2588\u2588\u2588\u2588\u2588\u2588| 3/3 [00:01<0"},"type":"ws_msg"}
{"payload":{"local_timestamp":1684337684032,"stderr":true,"stdout":"\r                 Class     Images  Instances          P          R      mAP50   mAP50-95: 100%|\u2588\u2588\u2588\u2588\u2588\u2588\u2588\u2588\u2588\u2588| 3/3 [00:01<0"},"type":"ws_msg"}
{"payload":{"local_timestamp":1684337684032,"stderr":true,"stdout":"\n"},"type":"ws_msg"}
{"payload":{"local_timestamp":1684337684041,"stderr":true,"stdout":"                   all         19         90    0.00322        0.1    0.00184   0.000483\n"},"type":"ws_msg"}
{"payload":{"local_timestamp":1684337684066,"param":{"paramName":"curr_epoch","paramValue":0,"source":"auto-logged","step":4}},"type":"parameter_msg"}
{"payload":{"local_timestamp":1684337684066,"metric":{"epoch":0,"metricName":"metrics/mAP_0.5","metricValue":0.001844169762266986,"step":4}},"type":"metric_msg"}
{"payload":{"local_timestamp":1684337684066,"metric":{"epoch":0,"metricName":"metrics/mAP_0.5:0.95","metricValue":0.0004827145440510098,"step":4}},"type":"metric_msg"}
{"payload":{"local_timestamp":1684337684066,"metric":{"epoch":0,"metricName":"metrics/precision","metricValue":0.0032248970922818887,"step":4}},"type":"metric_msg"}
{"payload":{"local_timestamp":1684337684066,"metric":{"epoch":0,"metricName":"metrics/recall","metricValue":0.1,"step":4}},"type":"metric_msg"}
{"payload":{"local_timestamp":1684337684067,"metric":{"epoch":0,"metricName":"train/box_loss","metricValue":0.1221599206328392,"step":4}},"type":"metric_msg"}
{"payload":{"local_timestamp":1684337684068,"metric":{"epoch":0,"metricName":"train/cls_loss","metricValue":0.0,"step":4}},"type":"metric_msg"}
{"payload":{"local_timestamp":1684337684069,"metric":{"epoch":0,"metricName":"train/obj_loss","metricValue":0.06774383038282394,"step":4}},"type":"metric_msg"}
{"payload":{"local_timestamp":1684337684069,"metric":{"epoch":0,"metricName":"val/box_loss","metricValue":0.12443270534276962,"step":4}},"type":"metric_msg"}
{"payload":{"local_timestamp":1684337684069,"metric":{"epoch":0,"metricName":"val/cls_loss","metricValue":0.0,"step":4}},"type":"metric_msg"}
{"payload":{"local_timestamp":1684337684070,"metric":{"epoch":0,"metricName":"val/obj_loss","metricValue":0.047283172607421875,"step":4}},"type":"metric_msg"}
{"payload":{"local_timestamp":1684337684070,"metric":{"epoch":0,"metricName":"x/lr0","metricValue":0.0964,"step":4}},"type":"metric_msg"}
{"payload":{"local_timestamp":1684337684070,"metric":{"epoch":0,"metricName":"x/lr1","metricValue":0.0004,"step":4}},"type":"metric_msg"}
{"payload":{"local_timestamp":1684337684070,"metric":{"epoch":0,"metricName":"x/lr2","metricValue":0.0004,"step":4}},"type":"metric_msg"}
{"payload":{"local_timestamp":1684337684968,"stderr":true,"stdout":"\n      Epoch    GPU_mem   box_loss   obj_loss   cls_loss  Instances       Size\n"},"type":"ws_msg"}
{"payload":{"local_timestamp":1684337684970,"stderr":true,"stdout":"\r  0%|          | 0/5 [00:00<?, ?it/s]"},"type":"ws_msg"}
{"payload":{"local_timestamp":1684337685312,"stderr":true,"stdout":"\r        1/2         1G      0.126     0.0364          0         16        640:   0%|          | 0/5 [00:00<?, ?it/s]"},"type":"ws_msg"}
{"payload":{"local_timestamp":1684337685312,"stderr":true,"stdout":"\r        1/2         1G      0.126     0.0364          0         16        640:  20%|\u2588\u2588        | 1/5 [00:00<00:01,  2.92"},"type":"ws_msg"}
{"payload":{"local_timestamp":1684337685492,"stderr":true,"stdout":"\r        1/2         1G     0.1243    0.04793          0         34        640:  20%|\u2588\u2588        | 1/5 [00:00<00:01,  2.92"},"type":"ws_msg"}
{"payload":{"local_timestamp":1684337685493,"stderr":true,"stdout":"\r        1/2         1G     0.1243    0.04793          0         34        640:  40%|\u2588\u2588\u2588\u2588      | 2/5 [00:00<00:00,  4.06"},"type":"ws_msg"}
{"payload":{"local_timestamp":1684337685698,"stderr":true,"stdout":"\r        1/2         1G     0.1235    0.05346          0         36        640:  40%|\u2588\u2588\u2588\u2588      | 2/5 [00:00<00:00,  4.06"},"type":"ws_msg"}
{"payload":{"local_timestamp":1684337685698,"stderr":true,"stdout":"\r        1/2         1G     0.1235    0.05346          0         36        640:  60%|\u2588\u2588\u2588\u2588\u2588\u2588    | 3/5 [00:00<00:00,  4.39"},"type":"ws_msg"}
{"payload":{"local_timestamp":1684337685835,"stderr":true,"stdout":"\r        1/2         1G      0.123    0.05921          0         48        640:  60%|\u2588\u2588\u2588\u2588\u2588\u2588    | 3/5 [00:00<00:00,  4.39"},"type":"ws_msg"}
{"payload":{"local_timestamp":1684337685835,"stderr":true,"stdout":"\r        1/2         1G      0.123    0.05921          0         48        640:  80%|\u2588\u2588\u2588\u2588\u2588\u2588\u2588\u2588  | 4/5 [00:00<00:00,  5.20"},"type":"ws_msg"}
{"payload":{"local_timestamp":1684337686049,"stderr":true,"stdout":"\r        1/2         1G     0.1224    0.05827          0         22        640:  80%|\u2588\u2588\u2588\u2588\u2588\u2588\u2588\u2588  | 4/5 [00:01<00:00,  5.20"},"type":"ws_msg"}
{"payload":{"local_timestamp":1684337686049,"stderr":true,"stdout":"\r        1/2         1G     0.1224    0.05827          0         22        640: 100%|\u2588\u2588\u2588\u2588\u2588\u2588\u2588\u2588\u2588\u2588| 5/5 [00:01<00:00,  5.00"},"type":"ws_msg"}
{"payload":{"local_timestamp":1684337686050,"stderr":true,"stdout":"\r        1/2         1G     0.1224    0.05827          0         22        640: 100%|\u2588\u2588\u2588\u2588\u2588\u2588\u2588\u2588\u2588\u2588| 5/5 [00:01<00:00,  4.63"},"type":"ws_msg"}
{"payload":{"local_timestamp":1684337686050,"stderr":true,"stdout":"\n"},"type":"ws_msg"}
{"payload":{"local_timestamp":1684337686075,"stderr":true,"stdout":"\r                 Class     Images  Instances          P          R      mAP50   mAP50-95:   0%|          | 0/3 [00:00<?"},"type":"ws_msg"}
{"payload":{"local_timestamp":1684337686405,"stderr":true,"stdout":"\r                 Class     Images  Instances          P          R      mAP50   mAP50-95:  33%|\u2588\u2588\u2588\u258e      | 1/3 [00:00<0"},"type":"ws_msg"}
{"payload":{"local_timestamp":1684337686730,"stderr":true,"stdout":"\r                 Class     Images  Instances          P          R      mAP50   mAP50-95:  67%|\u2588\u2588\u2588\u2588\u2588\u2588\u258b   | 2/3 [00:00<0"},"type":"ws_msg"}
{"payload":{"additional_params":{"context":null,"figCounter":1,"figName":"D:\\vajnoe\\python_projects\\data_yolo\\images\\8936c324-Screenshot_1_curr_epoch_1","imageId":"451306ced1f74b8583c5d9117fc2c4f7","overwrite":false,"runId":null,"step":9},"clean":true,"file_path":"tmp4lkf78mu","local_timestamp":1684337687141,"metadata":{},"upload_type":"visualization"},"type":"file_upload"}
{"payload":{"local_timestamp":1684337687151,"stderr":true,"stdout":"\r                 Class     Images  Instances          P          R      mAP50   mAP50-95: 100%|\u2588\u2588\u2588\u2588\u2588\u2588\u2588\u2588\u2588\u2588| 3/3 [00:01<0"},"type":"ws_msg"}
{"payload":{"local_timestamp":1684337687151,"stderr":true,"stdout":"\r                 Class     Images  Instances          P          R      mAP50   mAP50-95: 100%|\u2588\u2588\u2588\u2588\u2588\u2588\u2588\u2588\u2588\u2588| 3/3 [00:01<0"},"type":"ws_msg"}
{"payload":{"local_timestamp":1684337687151,"stderr":true,"stdout":"\n"},"type":"ws_msg"}
{"payload":{"local_timestamp":1684337687157,"stderr":true,"stdout":"                   all         19         90    0.00259     0.0889    0.00296   0.000593\n"},"type":"ws_msg"}
{"payload":{"local_timestamp":1684337687182,"param":{"paramName":"curr_epoch","paramValue":1,"source":"auto-logged","step":9}},"type":"parameter_msg"}
{"payload":{"local_timestamp":1684337687182,"metric":{"epoch":1,"metricName":"metrics/mAP_0.5","metricValue":0.0029631635763799867,"step":9}},"type":"metric_msg"}
{"payload":{"local_timestamp":1684337687182,"metric":{"epoch":1,"metricName":"metrics/mAP_0.5:0.95","metricValue":0.0005931912273985085,"step":9}},"type":"metric_msg"}
{"payload":{"local_timestamp":1684337687182,"metric":{"epoch":1,"metricName":"metrics/precision","metricValue":0.002586621472107164,"step":9}},"type":"metric_msg"}
{"payload":{"local_timestamp":1684337687182,"metric":{"epoch":1,"metricName":"metrics/recall","metricValue":0.08888888888888889,"step":9}},"type":"metric_msg"}
{"payload":{"local_timestamp":1684337687183,"metric":{"epoch":1,"metricName":"train/box_loss","metricValue":0.12235935032367706,"step":9}},"type":"metric_msg"}
{"payload":{"local_timestamp":1684337687183,"metric":{"epoch":1,"metricName":"train/cls_loss","metricValue":0.0,"step":9}},"type":"metric_msg"}
{"payload":{"local_timestamp":1684337687184,"metric":{"epoch":1,"metricName":"train/obj_loss","metricValue":0.05827142670750618,"step":9}},"type":"metric_msg"}
{"payload":{"local_timestamp":1684337687184,"metric":{"epoch":1,"metricName":"val/box_loss","metricValue":0.1234537661075592,"step":9}},"type":"metric_msg"}
{"payload":{"local_timestamp":1684337687184,"metric":{"epoch":1,"metricName":"val/cls_loss","metricValue":0.0,"step":9}},"type":"metric_msg"}
{"payload":{"local_timestamp":1684337687184,"metric":{"epoch":1,"metricName":"val/obj_loss","metricValue":0.0473581962287426,"step":9}},"type":"metric_msg"}
{"payload":{"local_timestamp":1684337687184,"metric":{"epoch":1,"metricName":"x/lr0","metricValue":0.091603,"step":9}},"type":"metric_msg"}
{"payload":{"local_timestamp":1684337687185,"metric":{"epoch":1,"metricName":"x/lr1","metricValue":0.000603,"step":9}},"type":"metric_msg"}
{"payload":{"local_timestamp":1684337687185,"metric":{"epoch":1,"metricName":"x/lr2","metricValue":0.000603,"step":9}},"type":"metric_msg"}
{"payload":{"local_timestamp":1684337687932,"stderr":true,"stdout":"\n      Epoch    GPU_mem   box_loss   obj_loss   cls_loss  Instances       Size\n"},"type":"ws_msg"}
{"payload":{"local_timestamp":1684337687933,"stderr":true,"stdout":"\r  0%|          | 0/5 [00:00<?, ?it/s]"},"type":"ws_msg"}
{"payload":{"local_timestamp":1684337688090,"stderr":true,"stdout":"\r        2/2         1G     0.1205    0.03819          0         15        640:   0%|          | 0/5 [00:00<?, ?it/s]"},"type":"ws_msg"}
{"payload":{"local_timestamp":1684337688091,"stderr":true,"stdout":"\r        2/2         1G     0.1205    0.03819          0         15        640:  20%|\u2588\u2588        | 1/5 [00:00<00:00,  6.37"},"type":"ws_msg"}
{"payload":{"local_timestamp":1684337688252,"stderr":true,"stdout":"\r        2/2         1G     0.1213    0.04512          0         28        640:  20%|\u2588\u2588        | 1/5 [00:00<00:00,  6.37"},"type":"ws_msg"}
{"payload":{"local_timestamp":1684337688253,"stderr":true,"stdout":"\r        2/2         1G     0.1213    0.04512          0         28        640:  40%|\u2588\u2588\u2588\u2588      | 2/5 [00:00<00:00,  6.25"},"type":"ws_msg"}
{"payload":{"local_timestamp":1684337688480,"stderr":true,"stdout":"\r        2/2         1G     0.1214    0.05465          0         50        640:  40%|\u2588\u2588\u2588\u2588      | 2/5 [00:00<00:00,  6.25"},"type":"ws_msg"}
{"payload":{"local_timestamp":1684337688481,"stderr":true,"stdout":"\r        2/2         1G     0.1214    0.05465          0         50        640:  60%|\u2588\u2588\u2588\u2588\u2588\u2588    | 3/5 [00:00<00:00,  5.24"},"type":"ws_msg"}
{"payload":{"local_timestamp":1684337688635,"stderr":true,"stdout":"\r        2/2         1G     0.1217    0.05145          0         24        640:  60%|\u2588\u2588\u2588\u2588\u2588\u2588    | 3/5 [00:00<00:00,  5.24"},"type":"ws_msg"}
{"payload":{"local_timestamp":1684337688635,"stderr":true,"stdout":"\r        2/2         1G     0.1217    0.05145          0         24        640:  80%|\u2588\u2588\u2588\u2588\u2588\u2588\u2588\u2588  | 4/5 [00:00<00:00,  5.66"},"type":"ws_msg"}
{"payload":{"local_timestamp":1684337688782,"stderr":true,"stdout":"\r        2/2         1G     0.1216    0.04861          0         11        640:  80%|\u2588\u2588\u2588\u2588\u2588\u2588\u2588\u2588  | 4/5 [00:00<00:00,  5.66"},"type":"ws_msg"}
{"payload":{"local_timestamp":1684337688783,"stderr":true,"stdout":"\r        2/2         1G     0.1216    0.04861          0         11        640: 100%|\u2588\u2588\u2588\u2588\u2588\u2588\u2588\u2588\u2588\u2588| 5/5 [00:00<00:00,  6.02"},"type":"ws_msg"}
{"payload":{"local_timestamp":1684337688783,"stderr":true,"stdout":"\r        2/2         1G     0.1216    0.04861          0         11        640: 100%|\u2588\u2588\u2588\u2588\u2588\u2588\u2588\u2588\u2588\u2588| 5/5 [00:00<00:00,  5.88"},"type":"ws_msg"}
{"payload":{"local_timestamp":1684337688783,"stderr":true,"stdout":"\n"},"type":"ws_msg"}
{"payload":{"local_timestamp":1684337688811,"stderr":true,"stdout":"\r                 Class     Images  Instances          P          R      mAP50   mAP50-95:   0%|          | 0/3 [00:00<?"},"type":"ws_msg"}
{"payload":{"local_timestamp":1684337689142,"stderr":true,"stdout":"\r                 Class     Images  Instances          P          R      mAP50   mAP50-95:  33%|\u2588\u2588\u2588\u258e      | 1/3 [00:00<0"},"type":"ws_msg"}
{"payload":{"local_timestamp":1684337689472,"stderr":true,"stdout":"\r                 Class     Images  Instances          P          R      mAP50   mAP50-95:  67%|\u2588\u2588\u2588\u2588\u2588\u2588\u258b   | 2/3 [00:00<0"},"type":"ws_msg"}
{"payload":{"additional_params":{"context":null,"figCounter":2,"figName":"D:\\vajnoe\\python_projects\\data_yolo\\images\\8936c324-Screenshot_1_curr_epoch_2","imageId":"5d9886cd1b704a0f9a04e0ec2ddd6d74","overwrite":false,"runId":null,"step":14},"clean":true,"file_path":"tmpx59fdpni","local_timestamp":1684337689917,"metadata":{},"upload_type":"visualization"},"type":"file_upload"}
{"payload":{"local_timestamp":1684337689927,"stderr":true,"stdout":"\r                 Class     Images  Instances          P          R      mAP50   mAP50-95: 100%|\u2588\u2588\u2588\u2588\u2588\u2588\u2588\u2588\u2588\u2588| 3/3 [00:01<0"},"type":"ws_msg"}
{"payload":{"local_timestamp":1684337689927,"stderr":true,"stdout":"\r                 Class     Images  Instances          P          R      mAP50   mAP50-95: 100%|\u2588\u2588\u2588\u2588\u2588\u2588\u2588\u2588\u2588\u2588| 3/3 [00:01<0"},"type":"ws_msg"}
{"payload":{"local_timestamp":1684337689927,"stderr":true,"stdout":"\n"},"type":"ws_msg"}
{"payload":{"local_timestamp":1684337689934,"stderr":true,"stdout":"                   all         19         90    0.00396     0.0667    0.00331   0.000501\n"},"type":"ws_msg"}
{"payload":{"local_timestamp":1684337689960,"param":{"paramName":"curr_epoch","paramValue":2,"source":"auto-logged","step":14}},"type":"parameter_msg"}
{"payload":{"local_timestamp":1684337689960,"metric":{"epoch":2,"metricName":"metrics/mAP_0.5","metricValue":0.0033061584320973727,"step":14}},"type":"metric_msg"}
{"payload":{"local_timestamp":1684337689960,"metric":{"epoch":2,"metricName":"metrics/mAP_0.5:0.95","metricValue":0.000500913142122645,"step":14}},"type":"metric_msg"}
{"payload":{"local_timestamp":1684337689960,"metric":{"epoch":2,"metricName":"metrics/precision","metricValue":0.003962341561253368,"step":14}},"type":"metric_msg"}
{"payload":{"local_timestamp":1684337689960,"metric":{"epoch":2,"metricName":"metrics/recall","metricValue":0.06666666666666667,"step":14}},"type":"metric_msg"}
{"payload":{"local_timestamp":1684337689960,"metric":{"epoch":2,"metricName":"train/box_loss","metricValue":0.12163519859313965,"step":14}},"type":"metric_msg"}
{"payload":{"local_timestamp":1684337689961,"metric":{"epoch":2,"metricName":"train/cls_loss","metricValue":0.0,"step":14}},"type":"metric_msg"}
{"payload":{"local_timestamp":1684337689961,"metric":{"epoch":2,"metricName":"train/obj_loss","metricValue":0.048607755452394485,"step":14}},"type":"metric_msg"}
{"payload":{"local_timestamp":1684337689962,"metric":{"epoch":2,"metricName":"val/box_loss","metricValue":0.1230950653553009,"step":14}},"type":"metric_msg"}
{"payload":{"local_timestamp":1684337689962,"metric":{"epoch":2,"metricName":"val/cls_loss","metricValue":0.0,"step":14}},"type":"metric_msg"}
{"payload":{"local_timestamp":1684337689962,"metric":{"epoch":2,"metricName":"val/obj_loss","metricValue":0.04733721539378166,"step":14}},"type":"metric_msg"}
{"payload":{"local_timestamp":1684337689962,"metric":{"epoch":2,"metricName":"x/lr0","metricValue":0.086476,"step":14}},"type":"metric_msg"}
{"payload":{"local_timestamp":1684337689962,"metric":{"epoch":2,"metricName":"x/lr1","metricValue":0.00047599999999999997,"step":14}},"type":"metric_msg"}
{"payload":{"local_timestamp":1684337689962,"metric":{"epoch":2,"metricName":"x/lr2","metricValue":0.00047599999999999997,"step":14}},"type":"metric_msg"}
{"payload":{"local_timestamp":1684337690433,"stderr":true,"stdout":"\n3 epochs completed in 0.007 hours.\n"},"type":"ws_msg"}
{"payload":{"local_timestamp":1684337690677,"stderr":true,"stdout":"Optimizer stripped from runs\\train\\exp4\\weights\\last.pt, 14.3MB\n"},"type":"ws_msg"}
{"payload":{"local_timestamp":1684337690915,"stderr":true,"stdout":"Optimizer stripped from runs\\train\\exp4\\weights\\best.pt, 14.3MB\n"},"type":"ws_msg"}
{"payload":{"local_timestamp":1684337690917,"stderr":true,"stdout":"\nValidating runs\\train\\exp4\\weights\\best.pt...\n"},"type":"ws_msg"}
{"payload":{"local_timestamp":1684337691042,"stderr":true,"stdout":"Fusing layers... \n"},"type":"ws_msg"}
{"payload":{"local_timestamp":1684337691418,"stderr":true,"stdout":"Model summary: 157 layers, 7012822 parameters, 0 gradients, 15.8 GFLOPs\n"},"type":"ws_msg"}
{"payload":{"local_timestamp":1684337691435,"stderr":true,"stdout":"\r                 Class     Images  Instances          P          R      mAP50   mAP50-95:   0%|          | 0/3 [00:00<?"},"type":"ws_msg"}
{"payload":{"local_timestamp":1684337691932,"stderr":true,"stdout":"\r                 Class     Images  Instances          P          R      mAP50   mAP50-95:  33%|\u2588\u2588\u2588\u258e      | 1/3 [00:00<0"},"type":"ws_msg"}
{"payload":{"local_timestamp":1684337692432,"stderr":true,"stdout":"\r                 Class     Images  Instances          P          R      mAP50   mAP50-95:  67%|\u2588\u2588\u2588\u2588\u2588\u2588\u258b   | 2/3 [00:00<0"},"type":"ws_msg"}
{"payload":{"local_timestamp":1684337692658,"stderr":true,"stdout":"\r                 Class     Images  Instances          P          R      mAP50   mAP50-95: 100%|\u2588\u2588\u2588\u2588\u2588\u2588\u2588\u2588\u2588\u2588| 3/3 [00:01<0"},"type":"ws_msg"}
{"payload":{"local_timestamp":1684337692659,"stderr":true,"stdout":"\r                 Class     Images  Instances          P          R      mAP50   mAP50-95: 100%|\u2588\u2588\u2588\u2588\u2588\u2588\u2588\u2588\u2588\u2588| 3/3 [00:01<0"},"type":"ws_msg"}
{"payload":{"local_timestamp":1684337692659,"stderr":true,"stdout":"\n"},"type":"ws_msg"}
{"payload":{"local_timestamp":1684337692736,"stderr":true,"stdout":"                   all         19         90    0.00242     0.0778    0.00272   0.000541\n"},"type":"ws_msg"}
{"payload":{"additional_params":{"assetId":"59c9d48ffc1846afae60d64ad627192f","context":null,"epoch":2,"extension":"json","fileName":"confusion-matrix-epoch-2.json","overwrite":false,"runId":null,"step":14,"type":"confusion-matrix"},"clean":true,"file_path":"tmpstc6_4tl","local_timestamp":1684337694613,"metadata":{},"upload_type":"confusion-matrix"},"type":"file_upload"}
{"payload":{"local_timestamp":1684337697583,"stderr":true,"stdout":"Results saved to \u001b[1mruns\\train\\exp4\u001b[0m\n"},"type":"ws_msg"}
{"payload":{"additional_params":{"assetId":"4c53f53482314c79a441772f3167e983","context":null,"epoch":2,"extension":"json","fileName":"image-metadata.json","overwrite":false,"runId":null,"step":14},"clean":true,"file_path":"tmpax4zje3e","local_timestamp":1684337699773,"metadata":{},"upload_type":"asset"},"type":"file_upload"}
{"payload":{"local_timestamp":1684337699773,"param":{"paramName":"curr_step","paramValue":14,"source":"auto-logged","step":14}},"type":"parameter_msg"}
{"payload":{"additional_params":{"assetId":"f255d9cd81d64d8caff189a36b2db906","context":null,"extension":"png","fileName":"results.png","overwrite":false,"runId":null,"step":14},"clean":true,"file_path":"tmpvktfm8f7","local_timestamp":1684337699775,"metadata":{"epoch":2},"upload_type":"asset"},"type":"file_upload"}
{"payload":{"additional_params":{"assetId":"6d85af600ea946b9b0ad3fd8ad385471","context":null,"extension":"png","fileName":"confusion_matrix.png","overwrite":false,"runId":null,"step":14},"clean":true,"file_path":"tmp_skd__el","local_timestamp":1684337699780,"metadata":{"epoch":2},"upload_type":"asset"},"type":"file_upload"}
{"payload":{"additional_params":{"assetId":"89a53cc04c3140718bf5b1d085b5c836","context":null,"extension":"png","fileName":"F1_curve.png","overwrite":false,"runId":null,"step":14},"clean":true,"file_path":"tmpve2k54x8","local_timestamp":1684337699784,"metadata":{"epoch":2},"upload_type":"asset"},"type":"file_upload"}
{"payload":{"additional_params":{"assetId":"9c7b9250f70246f0a388267cf4c0b66f","context":null,"extension":"png","fileName":"PR_curve.png","overwrite":false,"runId":null,"step":14},"clean":true,"file_path":"tmpttyu8z26","local_timestamp":1684337699788,"metadata":{"epoch":2},"upload_type":"asset"},"type":"file_upload"}
{"payload":{"additional_params":{"assetId":"b941307cfbec4dc18ee4a4697343a035","context":null,"extension":"png","fileName":"P_curve.png","overwrite":false,"runId":null,"step":14},"clean":true,"file_path":"tmprzs19qac","local_timestamp":1684337699791,"metadata":{"epoch":2},"upload_type":"asset"},"type":"file_upload"}
{"payload":{"additional_params":{"assetId":"6f9abf26fc484428809c809cf91d9056","context":null,"extension":"png","fileName":"R_curve.png","overwrite":false,"runId":null,"step":14},"clean":true,"file_path":"tmpshz46obm","local_timestamp":1684337699793,"metadata":{"epoch":2},"upload_type":"asset"},"type":"file_upload"}
{"payload":{"additional_params":{"assetId":"3a172c44017d4ef585f494c14363b80d","context":null,"extension":"csv","fileName":"results.csv","overwrite":false,"runId":null,"step":14},"clean":true,"file_path":"tmphe_jy1nq","local_timestamp":1684337699797,"metadata":{"epoch":2},"upload_type":"asset"},"type":"file_upload"}
{"payload":{"local_timestamp":1684337699798,"stderr":true,"stdout":"\u001b[1;38;5;39mCOMET INFO:\u001b[0m ---------------------------------------------------------------------------------------\n"},"type":"ws_msg"}
{"payload":{"local_timestamp":1684337699800,"stderr":true,"stdout":"\u001b[1;38;5;39mCOMET INFO:\u001b[0m Comet.ml OfflineExperiment Summary\n"},"type":"ws_msg"}
{"payload":{"local_timestamp":1684337699801,"stderr":true,"stdout":"\u001b[1;38;5;39mCOMET INFO:\u001b[0m ---------------------------------------------------------------------------------------\n"},"type":"ws_msg"}
{"payload":{"local_timestamp":1684337699802,"stderr":true,"stdout":"\u001b[1;38;5;39mCOMET INFO:\u001b[0m   Data:\n"},"type":"ws_msg"}
{"payload":{"local_timestamp":1684337699802,"stderr":true,"stdout":"\u001b[1;38;5;39mCOMET INFO:\u001b[0m     display_summary_level : 1\n"},"type":"ws_msg"}
{"payload":{"local_timestamp":1684337699803,"stderr":true,"stdout":"\u001b[1;38;5;39mCOMET INFO:\u001b[0m     url                   : [OfflineExperiment will get URL after upload]\n"},"type":"ws_msg"}
{"payload":{"local_timestamp":1684337699803,"stderr":true,"stdout":"\u001b[1;38;5;39mCOMET INFO:\u001b[0m   Metrics [count] (min, max):\n"},"type":"ws_msg"}
{"payload":{"local_timestamp":1684337699804,"stderr":true,"stdout":"\u001b[1;38;5;39mCOMET INFO:\u001b[0m     metrics/mAP_0.5 [3]      : (0.001844169762266986, 0.0033061584320973727)\n"},"type":"ws_msg"}
{"payload":{"local_timestamp":1684337699805,"stderr":true,"stdout":"\u001b[1;38;5;39mCOMET INFO:\u001b[0m     metrics/mAP_0.5:0.95 [3] : (0.0004827145440510098, 0.0005931912273985085)\n"},"type":"ws_msg"}
{"payload":{"local_timestamp":1684337699805,"stderr":true,"stdout":"\u001b[1;38;5;39mCOMET INFO:\u001b[0m     metrics/precision [3]    : (0.002586621472107164, 0.003962341561253368)\n"},"type":"ws_msg"}
{"payload":{"local_timestamp":1684337699805,"stderr":true,"stdout":"\u001b[1;38;5;39mCOMET INFO:\u001b[0m     metrics/recall [3]       : (0.06666666666666667, 0.1)\n"},"type":"ws_msg"}
{"payload":{"local_timestamp":1684337699806,"stderr":true,"stdout":"\u001b[1;38;5;39mCOMET INFO:\u001b[0m     train/box_loss [3]       : (0.12163519859313965, 0.12235935032367706)\n"},"type":"ws_msg"}
{"payload":{"local_timestamp":1684337699807,"stderr":true,"stdout":"\u001b[1;38;5;39mCOMET INFO:\u001b[0m     train/cls_loss           : 0.0\n"},"type":"ws_msg"}
{"payload":{"local_timestamp":1684337699807,"stderr":true,"stdout":"\u001b[1;38;5;39mCOMET INFO:\u001b[0m     train/obj_loss [3]       : (0.048607755452394485, 0.06774383038282394)\n"},"type":"ws_msg"}
{"payload":{"local_timestamp":1684337699808,"stderr":true,"stdout":"\u001b[1;38;5;39mCOMET INFO:\u001b[0m     val/box_loss [3]         : (0.1230950653553009, 0.12443270534276962)\n"},"type":"ws_msg"}
{"payload":{"local_timestamp":1684337699809,"stderr":true,"stdout":"\u001b[1;38;5;39mCOMET INFO:\u001b[0m     val/cls_loss             : 0.0\n"},"type":"ws_msg"}
{"payload":{"local_timestamp":1684337699809,"stderr":true,"stdout":"\u001b[1;38;5;39mCOMET INFO:\u001b[0m     val/obj_loss [3]         : (0.047283172607421875, 0.0473581962287426)\n"},"type":"ws_msg"}
{"payload":{"local_timestamp":1684337699810,"stderr":true,"stdout":"\u001b[1;38;5;39mCOMET INFO:\u001b[0m     x/lr0 [3]                : (0.086476, 0.0964)\n"},"type":"ws_msg"}
{"payload":{"local_timestamp":1684337699811,"stderr":true,"stdout":"\u001b[1;38;5;39mCOMET INFO:\u001b[0m     x/lr1 [3]                : (0.0004, 0.000603)\n"},"type":"ws_msg"}
{"payload":{"local_timestamp":1684337699812,"stderr":true,"stdout":"\u001b[1;38;5;39mCOMET INFO:\u001b[0m     x/lr2 [3]                : (0.0004, 0.000603)\n"},"type":"ws_msg"}
{"payload":{"local_timestamp":1684337699813,"stderr":true,"stdout":"\u001b[1;38;5;39mCOMET INFO:\u001b[0m   Others:\n"},"type":"ws_msg"}
{"payload":{"local_timestamp":1684337699813,"stderr":true,"stdout":"\u001b[1;38;5;39mCOMET INFO:\u001b[0m     Created from                : YOLOv5\n"},"type":"ws_msg"}
{"payload":{"local_timestamp":1684337699814,"stderr":true,"stdout":"\u001b[1;38;5;39mCOMET INFO:\u001b[0m     comet_log_batch_metrics     : False\n"},"type":"ws_msg"}
{"payload":{"local_timestamp":1684337699815,"stderr":true,"stdout":"\u001b[1;38;5;39mCOMET INFO:\u001b[0m     comet_log_confusion_matrix  : True\n"},"type":"ws_msg"}
{"payload":{"local_timestamp":1684337699816,"stderr":true,"stdout":"\u001b[1;38;5;39mCOMET INFO:\u001b[0m     comet_log_per_class_metrics : False\n"},"type":"ws_msg"}
{"payload":{"local_timestamp":1684337699816,"stderr":true,"stdout":"\u001b[1;38;5;39mCOMET INFO:\u001b[0m     comet_max_image_uploads     : 100\n"},"type":"ws_msg"}
{"payload":{"local_timestamp":1684337699817,"stderr":true,"stdout":"\u001b[1;38;5;39mCOMET INFO:\u001b[0m     comet_mode                  : online\n"},"type":"ws_msg"}
{"payload":{"local_timestamp":1684337699817,"stderr":true,"stdout":"\u001b[1;38;5;39mCOMET INFO:\u001b[0m     comet_model_name            : yolov5\n"},"type":"ws_msg"}
{"payload":{"local_timestamp":1684337699818,"stderr":true,"stdout":"\u001b[1;38;5;39mCOMET INFO:\u001b[0m     offline_experiment          : True\n"},"type":"ws_msg"}
{"payload":{"local_timestamp":1684337699819,"stderr":true,"stdout":"\u001b[1;38;5;39mCOMET INFO:\u001b[0m   Parameters:\n"},"type":"ws_msg"}
{"payload":{"local_timestamp":1684337699820,"stderr":true,"stdout":"\u001b[1;38;5;39mCOMET INFO:\u001b[0m     anchor_t           : 4.0\n"},"type":"ws_msg"}
{"payload":{"local_timestamp":1684337699821,"stderr":true,"stdout":"\u001b[1;38;5;39mCOMET INFO:\u001b[0m     artifact_alias     : latest\n"},"type":"ws_msg"}
{"payload":{"local_timestamp":1684337699821,"stderr":true,"stdout":"\u001b[1;38;5;39mCOMET INFO:\u001b[0m     batch_size         : 4\n"},"type":"ws_msg"}
{"payload":{"local_timestamp":1684337699821,"stderr":true,"stdout":"\u001b[1;38;5;39mCOMET INFO:\u001b[0m     bbox_interval      : -1\n"},"type":"ws_msg"}
{"payload":{"local_timestamp":1684337699824,"stderr":true,"stdout":"\u001b[1;38;5;39mCOMET INFO:\u001b[0m     box                : 0.05\n"},"type":"ws_msg"}
{"payload":{"local_timestamp":1684337699825,"stderr":true,"stdout":"\u001b[1;38;5;39mCOMET INFO:\u001b[0m     bucket             : \n"},"type":"ws_msg"}
{"payload":{"local_timestamp":1684337699825,"stderr":true,"stdout":"\u001b[1;38;5;39mCOMET INFO:\u001b[0m     cache              : 1\n"},"type":"ws_msg"}
{"payload":{"local_timestamp":1684337699826,"stderr":true,"stdout":"\u001b[1;38;5;39mCOMET INFO:\u001b[0m     cfg                : \n"},"type":"ws_msg"}
{"payload":{"local_timestamp":1684337699826,"stderr":true,"stdout":"\u001b[1;38;5;39mCOMET INFO:\u001b[0m     cls                : 0.006250000000000001\n"},"type":"ws_msg"}
{"payload":{"local_timestamp":1684337699827,"stderr":true,"stdout":"\u001b[1;38;5;39mCOMET INFO:\u001b[0m     cls_pw             : 1.0\n"},"type":"ws_msg"}
{"payload":{"local_timestamp":1684337699827,"stderr":true,"stdout":"\u001b[1;38;5;39mCOMET INFO:\u001b[0m     copy_paste         : 0.0\n"},"type":"ws_msg"}
{"payload":{"local_timestamp":1684337699828,"stderr":true,"stdout":"\u001b[1;38;5;39mCOMET INFO:\u001b[0m     cos_lr             : False\n"},"type":"ws_msg"}
{"payload":{"local_timestamp":1684337699828,"stderr":true,"stdout":"\u001b[1;38;5;39mCOMET INFO:\u001b[0m     degrees            : 0.0\n"},"type":"ws_msg"}
{"payload":{"local_timestamp":1684337699829,"stderr":true,"stdout":"\u001b[1;38;5;39mCOMET INFO:\u001b[0m     device             : \n"},"type":"ws_msg"}
{"payload":{"local_timestamp":1684337699829,"stderr":true,"stdout":"\u001b[1;38;5;39mCOMET INFO:\u001b[0m     entity             : 1\n"},"type":"ws_msg"}
{"payload":{"local_timestamp":1684337699830,"stderr":true,"stdout":"\u001b[1;38;5;39mCOMET INFO:\u001b[0m     evolve             : 1\n"},"type":"ws_msg"}
{"payload":{"local_timestamp":1684337699830,"stderr":true,"stdout":"\u001b[1;38;5;39mCOMET INFO:\u001b[0m     exist_ok           : False\n"},"type":"ws_msg"}
{"payload":{"local_timestamp":1684337699831,"stderr":true,"stdout":"\u001b[1;38;5;39mCOMET INFO:\u001b[0m     fl_gamma           : 0.0\n"},"type":"ws_msg"}
{"payload":{"local_timestamp":1684337699831,"stderr":true,"stdout":"\u001b[1;38;5;39mCOMET INFO:\u001b[0m     fliplr             : 0.5\n"},"type":"ws_msg"}
{"payload":{"local_timestamp":1684337699831,"stderr":true,"stdout":"\u001b[1;38;5;39mCOMET INFO:\u001b[0m     flipud             : 0.0\n"},"type":"ws_msg"}
{"payload":{"local_timestamp":1684337699832,"stderr":true,"stdout":"\u001b[1;38;5;39mCOMET INFO:\u001b[0m     freeze             : [0]\n"},"type":"ws_msg"}
{"payload":{"local_timestamp":1684337699832,"stderr":true,"stdout":"\u001b[1;38;5;39mCOMET INFO:\u001b[0m     hsv_h              : 0.015\n"},"type":"ws_msg"}
{"payload":{"local_timestamp":1684337699833,"stderr":true,"stdout":"\u001b[1;38;5;39mCOMET INFO:\u001b[0m     hsv_s              : 0.7\n"},"type":"ws_msg"}
{"payload":{"local_timestamp":1684337699833,"stderr":true,"stdout":"\u001b[1;38;5;39mCOMET INFO:\u001b[0m     hsv_v              : 0.4\n"},"type":"ws_msg"}
{"payload":{"local_timestamp":1684337699834,"stderr":true,"stdout":"\u001b[1;38;5;39mCOMET INFO:\u001b[0m     hyp                : {\"anchor_t\": 4.0, \"box\": 0.05, \"cls\": 0.5, \"cls_pw\": 1.0, \"copy_paste\": 0.0, \"degrees\": 0.0, \"fl_gamma\": 0.0, \"fliplr\": 0.5, \"flipud\": 0.0, \"hsv_h\": 0.015, \"hsv_s\": 0.7, \"hsv_v\": 0.4, \"iou_t\": 0.2, \"lr0\": 0.01, \"lrf\": 0.01, \"mixup\": 0.0, \"momentum\": 0.937, \"mosaic\": 1.0, \"obj\": 1.0, \"obj_pw\": 1.0, \"perspective\": 0.0, \"scale\": 0.5, \"shear\": 0.0, \"translate\": 0.1, \"warmup_bias_lr\": 0.1, \"warmup_epochs\": 3.0, \"warmup_momentum\": 0.8, \"weight_decay\": 0.0005}\n"},"type":"ws_msg"}
{"payload":{"local_timestamp":1684337699835,"stderr":true,"stdout":"\u001b[1;38;5;39mCOMET INFO:\u001b[0m     image_weights      : False\n"},"type":"ws_msg"}
{"payload":{"local_timestamp":1684337699836,"stderr":true,"stdout":"\u001b[1;38;5;39mCOMET INFO:\u001b[0m     imgsz              : 640\n"},"type":"ws_msg"}
{"payload":{"local_timestamp":1684337699836,"stderr":true,"stdout":"\u001b[1;38;5;39mCOMET INFO:\u001b[0m     iou_t              : 0.2\n"},"type":"ws_msg"}
{"payload":{"local_timestamp":1684337699836,"stderr":true,"stdout":"\u001b[1;38;5;39mCOMET INFO:\u001b[0m     label_smoothing    : 0.0\n"},"type":"ws_msg"}
{"payload":{"local_timestamp":1684337699840,"stderr":true,"stdout":"\u001b[1;38;5;39mCOMET INFO:\u001b[0m     local_rank         : -1\n"},"type":"ws_msg"}
{"payload":{"local_timestamp":1684337699840,"stderr":true,"stdout":"\u001b[1;38;5;39mCOMET INFO:\u001b[0m     lr0                : 0.01\n"},"type":"ws_msg"}
{"payload":{"local_timestamp":1684337699841,"stderr":true,"stdout":"\u001b[1;38;5;39mCOMET INFO:\u001b[0m     lrf                : 0.01\n"},"type":"ws_msg"}
{"payload":{"local_timestamp":1684337699841,"stderr":true,"stdout":"\u001b[1;38;5;39mCOMET INFO:\u001b[0m     mixup              : 0.0\n"},"type":"ws_msg"}
{"payload":{"local_timestamp":1684337699841,"stderr":true,"stdout":"\u001b[1;38;5;39mCOMET INFO:\u001b[0m     momentum           : 0.937\n"},"type":"ws_msg"}
{"payload":{"local_timestamp":1684337699842,"stderr":true,"stdout":"\u001b[1;38;5;39mCOMET INFO:\u001b[0m     mosaic             : 1.0\n"},"type":"ws_msg"}
{"payload":{"local_timestamp":1684337699842,"stderr":true,"stdout":"\u001b[1;38;5;39mCOMET INFO:\u001b[0m     multi_scale        : False\n"},"type":"ws_msg"}
{"payload":{"local_timestamp":1684337699843,"stderr":true,"stdout":"\u001b[1;38;5;39mCOMET INFO:\u001b[0m     name               : exp\n"},"type":"ws_msg"}
{"payload":{"local_timestamp":1684337699843,"stderr":true,"stdout":"\u001b[1;38;5;39mCOMET INFO:\u001b[0m     noautoanchor       : False\n"},"type":"ws_msg"}
{"payload":{"local_timestamp":1684337699844,"stderr":true,"stdout":"\u001b[1;38;5;39mCOMET INFO:\u001b[0m     noplots            : False\n"},"type":"ws_msg"}
{"payload":{"local_timestamp":1684337699844,"stderr":true,"stdout":"\u001b[1;38;5;39mCOMET INFO:\u001b[0m     nosave             : False\n"},"type":"ws_msg"}
{"payload":{"local_timestamp":1684337699845,"stderr":true,"stdout":"\u001b[1;38;5;39mCOMET INFO:\u001b[0m     noval              : False\n"},"type":"ws_msg"}
{"payload":{"local_timestamp":1684337699845,"stderr":true,"stdout":"\u001b[1;38;5;39mCOMET INFO:\u001b[0m     obj                : 1.0\n"},"type":"ws_msg"}
{"payload":{"local_timestamp":1684337699846,"stderr":true,"stdout":"\u001b[1;38;5;39mCOMET INFO:\u001b[0m     obj_pw             : 1.0\n"},"type":"ws_msg"}
{"payload":{"local_timestamp":1684337699846,"stderr":true,"stdout":"\u001b[1;38;5;39mCOMET INFO:\u001b[0m     optimizer          : SGD\n"},"type":"ws_msg"}
{"payload":{"local_timestamp":1684337699847,"stderr":true,"stdout":"\u001b[1;38;5;39mCOMET INFO:\u001b[0m     patience           : 100\n"},"type":"ws_msg"}
{"payload":{"local_timestamp":1684337699847,"stderr":true,"stdout":"\u001b[1;38;5;39mCOMET INFO:\u001b[0m     perspective        : 0.0\n"},"type":"ws_msg"}
{"payload":{"local_timestamp":1684337699848,"stderr":true,"stdout":"\u001b[1;38;5;39mCOMET INFO:\u001b[0m     project            : runs\\train\n"},"type":"ws_msg"}
{"payload":{"local_timestamp":1684337699848,"stderr":true,"stdout":"\u001b[1;38;5;39mCOMET INFO:\u001b[0m     quad               : False\n"},"type":"ws_msg"}
{"payload":{"local_timestamp":1684337699849,"stderr":true,"stdout":"\u001b[1;38;5;39mCOMET INFO:\u001b[0m     rect               : False\n"},"type":"ws_msg"}
{"payload":{"local_timestamp":1684337699850,"stderr":true,"stdout":"\u001b[1;38;5;39mCOMET INFO:\u001b[0m     resume             : False\n"},"type":"ws_msg"}
{"payload":{"local_timestamp":1684337699850,"stderr":true,"stdout":"\u001b[1;38;5;39mCOMET INFO:\u001b[0m     save_dir           : runs\\train\\exp4\n"},"type":"ws_msg"}
{"payload":{"local_timestamp":1684337699851,"stderr":true,"stdout":"\u001b[1;38;5;39mCOMET INFO:\u001b[0m     save_period        : -1\n"},"type":"ws_msg"}
{"payload":{"local_timestamp":1684337699852,"stderr":true,"stdout":"\u001b[1;38;5;39mCOMET INFO:\u001b[0m     scale              : 0.5\n"},"type":"ws_msg"}
{"payload":{"local_timestamp":1684337699852,"stderr":true,"stdout":"\u001b[1;38;5;39mCOMET INFO:\u001b[0m     seed               : 0\n"},"type":"ws_msg"}
{"payload":{"local_timestamp":1684337699853,"stderr":true,"stdout":"\u001b[1;38;5;39mCOMET INFO:\u001b[0m     shear              : 0.0\n"},"type":"ws_msg"}
{"payload":{"local_timestamp":1684337699860,"stderr":true,"stdout":"\u001b[1;38;5;39mCOMET INFO:\u001b[0m     single_cls         : False\n"},"type":"ws_msg"}
{"payload":{"local_timestamp":1684337699861,"stderr":true,"stdout":"\u001b[1;38;5;39mCOMET INFO:\u001b[0m     sync_bn            : False\n"},"type":"ws_msg"}
{"payload":{"local_timestamp":1684337699861,"stderr":true,"stdout":"\u001b[1;38;5;39mCOMET INFO:\u001b[0m     translate          : 0.1\n"},"type":"ws_msg"}
{"payload":{"local_timestamp":1684337699862,"stderr":true,"stdout":"\u001b[1;38;5;39mCOMET INFO:\u001b[0m     upload_dataset     : False\n"},"type":"ws_msg"}
{"payload":{"local_timestamp":1684337699862,"stderr":true,"stdout":"\u001b[1;38;5;39mCOMET INFO:\u001b[0m     val_conf_threshold : 0.001\n"},"type":"ws_msg"}
{"payload":{"local_timestamp":1684337699863,"stderr":true,"stdout":"\u001b[1;38;5;39mCOMET INFO:\u001b[0m     val_iou_threshold  : 0.6\n"},"type":"ws_msg"}
{"payload":{"local_timestamp":1684337699863,"stderr":true,"stdout":"\u001b[1;38;5;39mCOMET INFO:\u001b[0m     warmup_bias_lr     : 0.1\n"},"type":"ws_msg"}
{"payload":{"local_timestamp":1684337699864,"stderr":true,"stdout":"\u001b[1;38;5;39mCOMET INFO:\u001b[0m     warmup_epochs      : 3.0\n"},"type":"ws_msg"}
{"payload":{"local_timestamp":1684337699864,"stderr":true,"stdout":"\u001b[1;38;5;39mCOMET INFO:\u001b[0m     warmup_momentum    : 0.8\n"},"type":"ws_msg"}
{"payload":{"local_timestamp":1684337699865,"stderr":true,"stdout":"\u001b[1;38;5;39mCOMET INFO:\u001b[0m     weight_decay       : 0.0005\n"},"type":"ws_msg"}
{"payload":{"local_timestamp":1684337699865,"stderr":true,"stdout":"\u001b[1;38;5;39mCOMET INFO:\u001b[0m     workers            : 8\n"},"type":"ws_msg"}
{"payload":{"local_timestamp":1684337699866,"stderr":true,"stdout":"\u001b[1;38;5;39mCOMET INFO:\u001b[0m   Uploads:\n"},"type":"ws_msg"}
{"payload":{"local_timestamp":1684337699866,"stderr":true,"stdout":"\u001b[1;38;5;39mCOMET INFO:\u001b[0m     asset               : 13 (884.78 KB)\n"},"type":"ws_msg"}
{"payload":{"local_timestamp":1684337699866,"stderr":true,"stdout":"\u001b[1;38;5;39mCOMET INFO:\u001b[0m     confusion-matrix    : 1\n"},"type":"ws_msg"}
{"payload":{"local_timestamp":1684337699867,"stderr":true,"stdout":"\u001b[1;38;5;39mCOMET INFO:\u001b[0m     environment details : 1\n"},"type":"ws_msg"}
{"payload":{"local_timestamp":1684337699867,"stderr":true,"stdout":"\u001b[1;38;5;39mCOMET INFO:\u001b[0m     git metadata        : 1\n"},"type":"ws_msg"}
{"payload":{"local_timestamp":1684337699868,"stderr":true,"stdout":"\u001b[1;38;5;39mCOMET INFO:\u001b[0m     images              : 3\n"},"type":"ws_msg"}
{"payload":{"local_timestamp":1684337699868,"stderr":true,"stdout":"\u001b[1;38;5;39mCOMET INFO:\u001b[0m     installed packages  : 1\n"},"type":"ws_msg"}
{"payload":{"local_timestamp":1684337699869,"stderr":true,"stdout":"\u001b[1;38;5;39mCOMET INFO:\u001b[0m \n"},"type":"ws_msg"}
{"payload":{"local_timestamp":1684337699871,"stderr":true,"stdout":"\u001b[1;38;5;214mCOMET WARNING:\u001b[0m Experiment Name is generated at upload time for Offline Experiments unless set explicitly with Experiment.set_name\n"},"type":"ws_msg"}
{"payload":{"local_timestamp":1684337699872,"stderr":true,"stdout":"\u001b[1;38;5;214mCOMET WARNING:\u001b[0m To get all data logged automatically, import comet_ml before the following modules: tensorboard, torch.\n"},"type":"ws_msg"}
{"payload":{"local_timestamp":1684337699872,"log_other":{"key":"sys.already_imported_modules","val":"[\"tensorboard\", \"torch\"]"}},"type":"ws_msg"}
