{"offline_id": "f9c50998ae9e46249a02f54e269b66e4", "project_name": "yolov5", "start_time": 1684404390737, "stop_time": 1684404529549, "tags": [], "workspace": null, "resume_strategy": "create", "customer_error_reported": true, "customer_error_message": "Unexpected error detected in the user script: AssertionError('\\x1b[34m\\x1b[1mtrain: \\x1b[0mNo labels found in D:\\\\vajnoe\\\\python_projects\\\\data_yolo\\\\train.cache, can not start training. See https://docs.ultralytics.com/yolov5/tutorials/train_custom_data')"}