{"payload":{"installed_packages":["absl-py==1.4.0","asttokens==2.2.1","attrs==23.1.0","backcall==0.2.0","brotlipy==0.7.0","cachetools==5.3.0","certifi==2023.5.7","cffi==1.15.1","chardet==5.1.0","charset-normalizer==2.0.4","colorama==0.4.6","comet-ml==3.33.3","configobj==5.0.8","contourpy==1.0.7","cryptography==39.0.1","cycler==0.11.0","decorator==5.1.1","dulwich==0.21.5","everett==3.1.0","executing==1.2.0","filelock==3.12.0","fonttools==4.39.4","gitdb==4.0.10","gitpython==3.1.31","google-auth-oauthlib==1.0.0","google-auth==2.18.0","grpcio==1.54.2","idna==3.4","importlib-metadata==6.6.0","importlib-resources==5.12.0","ipython==8.13.2","jedi==0.18.2","jinja2==3.1.2","jsonschema==4.17.3","kiwisolver==1.4.4","markdown-it-py==2.2.0","markdown==3.4.3","markupsafe==2.1.1","matplotlib-inline==0.1.6","matplotlib==3.7.1","mdurl==0.1.2","mkl-fft==1.3.6","mkl-random==1.2.2","mkl-service==2.4.0","mpmath==1.2.1","networkx==2.8.4","numpy==1.24.3","oauthlib==3.2.2","opencv-python==4.7.0.72","packaging==23.1","pandas==2.0.1","parso==0.8.3","pickleshare==0.7.5","pillow==9.4.0","pip==23.0.1","prompt-toolkit==3.0.38","protobuf==4.23.0","psutil==5.9.5","pure-eval==0.2.2","pyasn1-modules==0.3.0","pyasn1==0.5.0","pycparser==2.21","pygments==2.15.1","pyopenssl==23.0.0","pyparsing==3.0.9","pyrsistent==0.19.3","pysocks==1.7.1","python-box==6.1.0","python-dateutil==2.8.2","pytz==2023.3","pyyaml==6.0","requests-oauthlib==1.3.1","requests-toolbelt==1.0.0","requests==2.29.0","rich==13.3.5","rsa==4.9","scipy==1.10.1","seaborn==0.12.2","semantic-version==2.10.0","sentry-sdk==1.23.0","setuptools==66.0.0","simplejson==3.19.1","six==1.16.0","smmap==5.0.0","stack-data==0.6.2","sympy==1.11.1","tensorboard-data-server==0.7.0","tensorboard==2.13.0","thop==0.1.1.post2209072238","torch==2.0.1","torchaudio==2.0.2","torchvision==0.15.2","tqdm==4.65.0","traitlets==5.9.0","typing-extensions==4.5.0","tzdata==2023.3","ultralytics==8.0.103","urllib3==1.26.15","wcwidth==0.2.6","websocket-client==1.3.3","werkzeug==2.3.4","wheel==0.38.4","win-inet-pton==1.1.0","wrapt==1.15.0","wurlitzer==3.0.3","zipp==3.15.0"],"local_timestamp":1684338631034},"type":"ws_msg"}
{"payload":{"env_details":{"command":["train.py","--img","640","--epochs","30","--data","coco128.yaml","--weights","yolov5s.pt","--batch-size","8"],"env":null,"hostname":"DESKTOP-IKMKNBO","ip":"192.168.0.110","machine":"AMD64","os":"Windows-10-10.0.19044-SP0","os_release":"10","os_type":"Windows","pid":26524,"processor":"Intel64 Family 6 Model 62 Stepping 4, GenuineIntel","python_exe":"C:\\Users\\Provonsal\\miniconda3\\envs\\yol\\python.exe","python_version":"3.9.16","python_version_verbose":"3.9.16 (main, Mar  8 2023, 10:39:24) [MSC v.1916 64 bit (AMD64)]","user":"Provonsal"},"local_timestamp":1684338631161},"type":"ws_msg"}
{"payload":{"gpu_static_info":[{"gpu_index":0,"name":"NVIDIA GeForce RTX 3060 Ti","power_limit":200000,"total_memory":8589934592,"uuid":"GPU-d804fe87-e1b9-01a4-a3a0-ea4018096c59"}],"local_timestamp":1684338631198},"type":"ws_msg"}
{"payload":{"local_timestamp":1684338631203,"metric":{"epoch":null,"metricName":"sys.gpu.0.total_memory","metricValue":8589934592,"step":null}},"type":"metric_msg"}
{"payload":{"local_timestamp":1684338631639,"param":{"paramName":"img","paramValue":640,"source":"cli","step":null}},"type":"parameter_msg"}
{"payload":{"local_timestamp":1684338631640,"param":{"paramName":"epochs","paramValue":30,"source":"cli","step":null}},"type":"parameter_msg"}
{"payload":{"local_timestamp":1684338631640,"param":{"paramName":"data","paramValue":"coco128.yaml","source":"cli","step":null}},"type":"parameter_msg"}
{"payload":{"local_timestamp":1684338631640,"param":{"paramName":"weights","paramValue":"yolov5s.pt","source":"cli","step":null}},"type":"parameter_msg"}
{"payload":{"local_timestamp":1684338631640,"param":{"paramName":"batch-size","paramValue":8,"source":"cli","step":null}},"type":"parameter_msg"}
{"payload":{"local_timestamp":1684338631640,"metric":{"epoch":null,"metricName":"sys.cpu.percent.avg","metricValue":23.04375,"step":null}},"type":"metric_msg"}
{"payload":{"local_timestamp":1684338631640,"metric":{"epoch":null,"metricName":"sys.load.avg","metricValue":0.0,"step":null}},"type":"metric_msg"}
{"payload":{"local_timestamp":1684338631640,"metric":{"epoch":null,"metricName":"sys.ram.total","metricValue":25686081536,"step":null}},"type":"metric_msg"}
{"payload":{"local_timestamp":1684338631640,"metric":{"epoch":null,"metricName":"sys.ram.used","metricValue":11162730496,"step":null}},"type":"metric_msg"}
{"payload":{"local_timestamp":1684338631641,"log_other":{"key":"offline_experiment","val":true}},"type":"ws_msg"}
{"payload":{"additional_params":{"assetId":"d0900483f9ae4f09ad27cfc229aa5c50","context":null,"extension":"yaml","fileName":"coco128.yaml","overwrite":false,"runId":null,"step":null},"clean":true,"file_path":"tmpzhaz6pez","local_timestamp":1684338631648,"metadata":{"type":"data-config-file"},"upload_type":"asset"},"type":"file_upload"}
{"payload":{"local_timestamp":1684338631656,"log_other":{"key":"Created from","val":"YOLOv5"}},"type":"ws_msg"}
{"payload":{"local_timestamp":1684338631656,"param":{"paramName":"artifact_alias","paramValue":"latest","source":"manual","step":null}},"type":"parameter_msg"}
{"payload":{"local_timestamp":1684338631656,"param":{"paramName":"batch_size","paramValue":8,"source":"manual","step":null}},"type":"parameter_msg"}
{"payload":{"local_timestamp":1684338631656,"param":{"paramName":"bbox_interval","paramValue":-1,"source":"manual","step":null}},"type":"parameter_msg"}
{"payload":{"local_timestamp":1684338631656,"param":{"paramName":"bucket","paramValue":"","source":"manual","step":null}},"type":"parameter_msg"}
{"payload":{"local_timestamp":1684338631656,"param":{"paramName":"cache","paramValue":null,"source":"manual","step":null}},"type":"parameter_msg"}
{"payload":{"local_timestamp":1684338631657,"param":{"paramName":"cfg","paramValue":"","source":"manual","step":null}},"type":"parameter_msg"}
{"payload":{"local_timestamp":1684338631657,"param":{"paramName":"cos_lr","paramValue":false,"source":"manual","step":null}},"type":"parameter_msg"}
{"payload":{"local_timestamp":1684338631657,"param":{"paramName":"data","paramValue":"C:\\Users\\Provonsal\\source\\repos\\yolov5\\data\\coco128.yaml","source":"manual","step":null}},"type":"parameter_msg"}
{"payload":{"local_timestamp":1684338631657,"param":{"paramName":"device","paramValue":"","source":"manual","step":null}},"type":"parameter_msg"}
{"payload":{"local_timestamp":1684338631657,"param":{"paramName":"entity","paramValue":null,"source":"manual","step":null}},"type":"parameter_msg"}
{"payload":{"local_timestamp":1684338631657,"param":{"paramName":"evolve","paramValue":null,"source":"manual","step":null}},"type":"parameter_msg"}
{"payload":{"local_timestamp":1684338631657,"param":{"paramName":"exist_ok","paramValue":false,"source":"manual","step":null}},"type":"parameter_msg"}
{"payload":{"local_timestamp":1684338631657,"params":{"paramName":"freeze","paramValue":[0],"source":"manual","step":null}},"type":"parameter_msg"}
{"payload":{"local_timestamp":1684338631657,"param":{"paramName":"hyp","paramValue":"{\"anchor_t\": 4.0, \"box\": 0.05, \"cls\": 0.5, \"cls_pw\": 1.0, \"copy_paste\": 0.0, \"degrees\": 0.0, \"fl_gamma\": 0.0, \"fliplr\": 0.5, \"flipud\": 0.0, \"hsv_h\": 0.015, \"hsv_s\": 0.7, \"hsv_v\": 0.4, \"iou_t\": 0.2, \"lr0\": 0.01, \"lrf\": 0.01, \"mixup\": 0.0, \"momentum\": 0.937, \"mosaic\": 1.0, \"obj\": 1.0, \"obj_pw\": 1.0, \"perspective\": 0.0, \"scale\": 0.5, \"shear\": 0.0, \"translate\": 0.1, \"warmup_bias_lr\": 0.1, \"warmup_epochs\": 3.0, \"warmup_momentum\": 0.8, \"weight_decay\": 0.0005}","source":"manual","step":null}},"type":"parameter_msg"}
{"payload":{"local_timestamp":1684338631658,"param":{"paramName":"image_weights","paramValue":false,"source":"manual","step":null}},"type":"parameter_msg"}
{"payload":{"local_timestamp":1684338631658,"param":{"paramName":"imgsz","paramValue":640,"source":"manual","step":null}},"type":"parameter_msg"}
{"payload":{"local_timestamp":1684338631658,"param":{"paramName":"label_smoothing","paramValue":0.0,"source":"manual","step":null}},"type":"parameter_msg"}
{"payload":{"local_timestamp":1684338631658,"param":{"paramName":"local_rank","paramValue":-1,"source":"manual","step":null}},"type":"parameter_msg"}
{"payload":{"local_timestamp":1684338631658,"param":{"paramName":"multi_scale","paramValue":false,"source":"manual","step":null}},"type":"parameter_msg"}
{"payload":{"local_timestamp":1684338631658,"param":{"paramName":"name","paramValue":"exp","source":"manual","step":null}},"type":"parameter_msg"}
{"payload":{"local_timestamp":1684338631658,"param":{"paramName":"noautoanchor","paramValue":false,"source":"manual","step":null}},"type":"parameter_msg"}
{"payload":{"local_timestamp":1684338631658,"param":{"paramName":"noplots","paramValue":false,"source":"manual","step":null}},"type":"parameter_msg"}
{"payload":{"local_timestamp":1684338631658,"param":{"paramName":"nosave","paramValue":false,"source":"manual","step":null}},"type":"parameter_msg"}
{"payload":{"local_timestamp":1684338631658,"param":{"paramName":"noval","paramValue":false,"source":"manual","step":null}},"type":"parameter_msg"}
{"payload":{"local_timestamp":1684338631658,"param":{"paramName":"optimizer","paramValue":"SGD","source":"manual","step":null}},"type":"parameter_msg"}
{"payload":{"local_timestamp":1684338631658,"param":{"paramName":"patience","paramValue":100,"source":"manual","step":null}},"type":"parameter_msg"}
{"payload":{"local_timestamp":1684338631658,"param":{"paramName":"project","paramValue":"runs\\train","source":"manual","step":null}},"type":"parameter_msg"}
{"payload":{"local_timestamp":1684338631658,"param":{"paramName":"quad","paramValue":false,"source":"manual","step":null}},"type":"parameter_msg"}
{"payload":{"local_timestamp":1684338631658,"param":{"paramName":"rect","paramValue":false,"source":"manual","step":null}},"type":"parameter_msg"}
{"payload":{"local_timestamp":1684338631658,"param":{"paramName":"resume","paramValue":false,"source":"manual","step":null}},"type":"parameter_msg"}
{"payload":{"local_timestamp":1684338631658,"param":{"paramName":"save_dir","paramValue":"runs\\train\\exp5","source":"manual","step":null}},"type":"parameter_msg"}
{"payload":{"local_timestamp":1684338631658,"param":{"paramName":"save_period","paramValue":-1,"source":"manual","step":null}},"type":"parameter_msg"}
{"payload":{"local_timestamp":1684338631658,"param":{"paramName":"seed","paramValue":0,"source":"manual","step":null}},"type":"parameter_msg"}
{"payload":{"local_timestamp":1684338631658,"param":{"paramName":"single_cls","paramValue":false,"source":"manual","step":null}},"type":"parameter_msg"}
{"payload":{"local_timestamp":1684338631658,"param":{"paramName":"sync_bn","paramValue":false,"source":"manual","step":null}},"type":"parameter_msg"}
{"payload":{"local_timestamp":1684338631658,"param":{"paramName":"upload_dataset","paramValue":false,"source":"manual","step":null}},"type":"parameter_msg"}
{"payload":{"local_timestamp":1684338631658,"param":{"paramName":"workers","paramValue":8,"source":"manual","step":null}},"type":"parameter_msg"}
{"payload":{"local_timestamp":1684338631658,"param":{"paramName":"anchor_t","paramValue":4.0,"source":"manual","step":null}},"type":"parameter_msg"}
{"payload":{"local_timestamp":1684338631658,"param":{"paramName":"box","paramValue":0.05,"source":"manual","step":null}},"type":"parameter_msg"}
{"payload":{"local_timestamp":1684338631658,"param":{"paramName":"cls","paramValue":0.5,"source":"manual","step":null}},"type":"parameter_msg"}
{"payload":{"local_timestamp":1684338631658,"param":{"paramName":"cls_pw","paramValue":1.0,"source":"manual","step":null}},"type":"parameter_msg"}
{"payload":{"local_timestamp":1684338631658,"param":{"paramName":"copy_paste","paramValue":0.0,"source":"manual","step":null}},"type":"parameter_msg"}
{"payload":{"local_timestamp":1684338631659,"param":{"paramName":"degrees","paramValue":0.0,"source":"manual","step":null}},"type":"parameter_msg"}
{"payload":{"local_timestamp":1684338631659,"param":{"paramName":"fl_gamma","paramValue":0.0,"source":"manual","step":null}},"type":"parameter_msg"}
{"payload":{"local_timestamp":1684338631659,"param":{"paramName":"fliplr","paramValue":0.5,"source":"manual","step":null}},"type":"parameter_msg"}
{"payload":{"local_timestamp":1684338631659,"param":{"paramName":"flipud","paramValue":0.0,"source":"manual","step":null}},"type":"parameter_msg"}
{"payload":{"local_timestamp":1684338631659,"param":{"paramName":"hsv_h","paramValue":0.015,"source":"manual","step":null}},"type":"parameter_msg"}
{"payload":{"local_timestamp":1684338631659,"param":{"paramName":"hsv_s","paramValue":0.7,"source":"manual","step":null}},"type":"parameter_msg"}
{"payload":{"local_timestamp":1684338631659,"param":{"paramName":"hsv_v","paramValue":0.4,"source":"manual","step":null}},"type":"parameter_msg"}
{"payload":{"local_timestamp":1684338631659,"param":{"paramName":"iou_t","paramValue":0.2,"source":"manual","step":null}},"type":"parameter_msg"}
{"payload":{"local_timestamp":1684338631659,"param":{"paramName":"lr0","paramValue":0.01,"source":"manual","step":null}},"type":"parameter_msg"}
{"payload":{"local_timestamp":1684338631659,"param":{"paramName":"lrf","paramValue":0.01,"source":"manual","step":null}},"type":"parameter_msg"}
{"payload":{"local_timestamp":1684338631659,"param":{"paramName":"mixup","paramValue":0.0,"source":"manual","step":null}},"type":"parameter_msg"}
{"payload":{"local_timestamp":1684338631659,"param":{"paramName":"momentum","paramValue":0.937,"source":"manual","step":null}},"type":"parameter_msg"}
{"payload":{"local_timestamp":1684338631659,"param":{"paramName":"mosaic","paramValue":1.0,"source":"manual","step":null}},"type":"parameter_msg"}
{"payload":{"local_timestamp":1684338631659,"param":{"paramName":"obj","paramValue":1.0,"source":"manual","step":null}},"type":"parameter_msg"}
{"payload":{"local_timestamp":1684338631659,"param":{"paramName":"obj_pw","paramValue":1.0,"source":"manual","step":null}},"type":"parameter_msg"}
{"payload":{"local_timestamp":1684338631659,"param":{"paramName":"perspective","paramValue":0.0,"source":"manual","step":null}},"type":"parameter_msg"}
{"payload":{"local_timestamp":1684338631659,"param":{"paramName":"scale","paramValue":0.5,"source":"manual","step":null}},"type":"parameter_msg"}
{"payload":{"local_timestamp":1684338631659,"param":{"paramName":"shear","paramValue":0.0,"source":"manual","step":null}},"type":"parameter_msg"}
{"payload":{"local_timestamp":1684338631659,"param":{"paramName":"translate","paramValue":0.1,"source":"manual","step":null}},"type":"parameter_msg"}
{"payload":{"local_timestamp":1684338631659,"param":{"paramName":"warmup_bias_lr","paramValue":0.1,"source":"manual","step":null}},"type":"parameter_msg"}
{"payload":{"local_timestamp":1684338631659,"param":{"paramName":"warmup_epochs","paramValue":3.0,"source":"manual","step":null}},"type":"parameter_msg"}
{"payload":{"local_timestamp":1684338631659,"param":{"paramName":"warmup_momentum","paramValue":0.8,"source":"manual","step":null}},"type":"parameter_msg"}
{"payload":{"local_timestamp":1684338631659,"param":{"paramName":"weight_decay","paramValue":0.0005,"source":"manual","step":null}},"type":"parameter_msg"}
{"payload":{"additional_params":{"assetId":"d4e1bb259b7641cebc16f32ca39ac0c0","context":null,"epoch":null,"extension":"json","fileName":"hyperparameters.json","overwrite":false,"runId":null,"step":null},"clean":true,"file_path":"tmpzntbqnrb","local_timestamp":1684338631677,"metadata":{"type":"hyp-config-file"},"upload_type":"asset"},"type":"file_upload"}
{"payload":{"local_timestamp":1684338631661,"metric":{"epoch":null,"metricName":"sys.gpu.0.free_memory","metricValue":6368948224,"step":null}},"type":"metric_msg"}
{"payload":{"local_timestamp":1684338631661,"metric":{"epoch":null,"metricName":"sys.gpu.0.gpu_utilization","metricValue":19,"step":null}},"type":"metric_msg"}
{"payload":{"local_timestamp":1684338631662,"metric":{"epoch":null,"metricName":"sys.gpu.0.power_usage","metricValue":20397,"step":null}},"type":"metric_msg"}
{"payload":{"local_timestamp":1684338631662,"metric":{"epoch":null,"metricName":"sys.gpu.0.temperature","metricValue":49,"step":null}},"type":"metric_msg"}
{"payload":{"local_timestamp":1684338631662,"metric":{"epoch":null,"metricName":"sys.gpu.0.used_memory","metricValue":2220986368,"step":null}},"type":"metric_msg"}
{"payload":{"additional_params":{"assetId":"1f55ff8151d8497c8cd6c208c17508f9","context":null,"extension":"yaml","fileName":"opt.yaml","overwrite":false,"runId":null,"step":null},"clean":true,"file_path":"tmp5xk_g43s","local_timestamp":1684338631673,"metadata":{"type":"opt-config-file"},"upload_type":"asset"},"type":"file_upload"}
{"payload":{"local_timestamp":1684338631673,"param":{"paramName":"val_conf_threshold","paramValue":0.001,"source":"manual","step":null}},"type":"parameter_msg"}
{"payload":{"local_timestamp":1684338631673,"param":{"paramName":"val_iou_threshold","paramValue":0.6,"source":"manual","step":null}},"type":"parameter_msg"}
{"payload":{"local_timestamp":1684338631673,"log_other":{"key":"comet_mode","val":"online"}},"type":"ws_msg"}
{"payload":{"local_timestamp":1684338631673,"log_other":{"key":"comet_max_image_uploads","val":100}},"type":"ws_msg"}
{"payload":{"local_timestamp":1684338631673,"log_other":{"key":"comet_log_per_class_metrics","val":false}},"type":"ws_msg"}
{"payload":{"local_timestamp":1684338631673,"log_other":{"key":"comet_log_batch_metrics","val":false}},"type":"ws_msg"}
{"payload":{"local_timestamp":1684338631673,"log_other":{"key":"comet_log_confusion_matrix","val":true}},"type":"ws_msg"}
{"payload":{"local_timestamp":1684338631673,"log_other":{"key":"comet_model_name","val":"yolov5"}},"type":"ws_msg"}
{"payload":{"local_timestamp":1684338631778,"stderr":true,"stdout":"Overriding model.yaml nc=80 with nc=1\n"},"type":"ws_msg"}
{"payload":{"local_timestamp":1684338631780,"stderr":true,"stdout":"\n                 from  n    params  module                                  arguments                     \n"},"type":"ws_msg"}
{"payload":{"local_timestamp":1684338631782,"stderr":true,"stdout":"  0                -1  1      3520  models.common.Conv                      [3, 32, 6, 2, 2]              \n"},"type":"ws_msg"}
{"payload":{"local_timestamp":1684338631784,"stderr":true,"stdout":"  1                -1  1     18560  models.common.Conv                      [32, 64, 3, 2]                \n"},"type":"ws_msg"}
{"payload":{"local_timestamp":1684338631790,"stderr":true,"stdout":"  2                -1  1     18816  models.common.C3                        [64, 64, 1]                   \n"},"type":"ws_msg"}
{"payload":{"local_timestamp":1684338631792,"stderr":true,"stdout":"  3                -1  1     73984  models.common.Conv                      [64, 128, 3, 2]               \n"},"type":"ws_msg"}
{"payload":{"local_timestamp":1684338631802,"stderr":true,"stdout":"  4                -1  2    115712  models.common.C3                        [128, 128, 2]                 \n"},"type":"ws_msg"}
{"payload":{"local_timestamp":1684338631805,"stderr":true,"stdout":"  5                -1  1    295424  models.common.Conv                      [128, 256, 3, 2]              \n"},"type":"ws_msg"}
{"payload":{"local_timestamp":1684338631820,"stderr":true,"stdout":"  6                -1  3    625152  models.common.C3                        [256, 256, 3]                 \n"},"type":"ws_msg"}
{"payload":{"local_timestamp":1684338631831,"stderr":true,"stdout":"  7                -1  1   1180672  models.common.Conv                      [256, 512, 3, 2]              \n"},"type":"ws_msg"}
{"payload":{"local_timestamp":1684338631846,"stderr":true,"stdout":"  8                -1  1   1182720  models.common.C3                        [512, 512, 1]                 \n"},"type":"ws_msg"}
{"payload":{"local_timestamp":1684338631854,"stderr":true,"stdout":"  9                -1  1    656896  models.common.SPPF                      [512, 512, 5]                 \n"},"type":"ws_msg"}
{"payload":{"local_timestamp":1684338631857,"stderr":true,"stdout":" 10                -1  1    131584  models.common.Conv                      [512, 256, 1, 1]              \n"},"type":"ws_msg"}
{"payload":{"local_timestamp":1684338631858,"stderr":true,"stdout":" 11                -1  1         0  torch.nn.modules.upsampling.Upsample    [None, 2, 'nearest']          \n"},"type":"ws_msg"}
{"payload":{"local_timestamp":1684338631858,"stderr":true,"stdout":" 12           [-1, 6]  1         0  models.common.Concat                    [1]                           \n"},"type":"ws_msg"}
{"payload":{"local_timestamp":1684338631867,"stderr":true,"stdout":" 13                -1  1    361984  models.common.C3                        [512, 256, 1, False]          \n"},"type":"ws_msg"}
{"payload":{"local_timestamp":1684338631868,"stderr":true,"stdout":" 14                -1  1     33024  models.common.Conv                      [256, 128, 1, 1]              \n"},"type":"ws_msg"}
{"payload":{"local_timestamp":1684338631869,"stderr":true,"stdout":" 15                -1  1         0  torch.nn.modules.upsampling.Upsample    [None, 2, 'nearest']          \n"},"type":"ws_msg"}
{"payload":{"local_timestamp":1684338631869,"stderr":true,"stdout":" 16           [-1, 4]  1         0  models.common.Concat                    [1]                           \n"},"type":"ws_msg"}
{"payload":{"local_timestamp":1684338631875,"stderr":true,"stdout":" 17                -1  1     90880  models.common.C3                        [256, 128, 1, False]          \n"},"type":"ws_msg"}
{"payload":{"local_timestamp":1684338631878,"stderr":true,"stdout":" 18                -1  1    147712  models.common.Conv                      [128, 128, 3, 2]              \n"},"type":"ws_msg"}
{"payload":{"local_timestamp":1684338631878,"stderr":true,"stdout":" 19          [-1, 14]  1         0  models.common.Concat                    [1]                           \n"},"type":"ws_msg"}
{"payload":{"local_timestamp":1684338631887,"stderr":true,"stdout":" 20                -1  1    296448  models.common.C3                        [256, 256, 1, False]          \n"},"type":"ws_msg"}
{"payload":{"local_timestamp":1684338631893,"stderr":true,"stdout":" 21                -1  1    590336  models.common.Conv                      [256, 256, 3, 2]              \n"},"type":"ws_msg"}
{"payload":{"local_timestamp":1684338631893,"stderr":true,"stdout":" 22          [-1, 10]  1         0  models.common.Concat                    [1]                           \n"},"type":"ws_msg"}
{"payload":{"local_timestamp":1684338631908,"stderr":true,"stdout":" 23                -1  1   1182720  models.common.C3                        [512, 512, 1, False]          \n"},"type":"ws_msg"}
{"payload":{"local_timestamp":1684338631911,"stderr":true,"stdout":" 24      [17, 20, 23]  1     16182  models.yolo.Detect                      [1, [[10, 13, 16, 30, 33, 23], [30, 61, 62, 45, 59, 119], [116, 90, 156, 198, 373, 326]], [128, 256, 512]]\n"},"type":"ws_msg"}
{"payload":{"local_timestamp":1684338632376,"stderr":true,"stdout":"Model summary: 214 layers, 7022326 parameters, 7022326 gradients, 15.9 GFLOPs\n"},"type":"ws_msg"}
{"payload":{"local_timestamp":1684338632378,"stderr":true,"stdout":"\n"},"type":"ws_msg"}
{"payload":{"git_meta":{"branch":"refs/heads/master","origin":"https://github.com/ultralytics/yolov5.git","parent":"ec2b8538cdf1ec3a37f7f2ffff4d591f322cc410","repo_name":"yolov5","root":"1e84a23f38fad9e52b59101e9f1246d93066ed1e","status":null,"user":"Provonsal"},"local_timestamp":1684338632589},"type":"ws_msg"}
{"payload":{"local_timestamp":1684338632604,"stderr":true,"stdout":"\u001b[1;38;5;214mCOMET WARNING:\u001b[0m Unknown error exporting current conda environment\n"},"type":"ws_msg"}
{"payload":{"local_timestamp":1684338632618,"stderr":true,"stdout":"\u001b[1;38;5;214mCOMET WARNING:\u001b[0m Unknown error retrieving Conda package as an explicit file\n"},"type":"ws_msg"}
{"payload":{"local_timestamp":1684338632625,"stderr":true,"stdout":"\u001b[1;38;5;214mCOMET WARNING:\u001b[0m Unknown error retrieving Conda information\n"},"type":"ws_msg"}
{"payload":{"local_timestamp":1684338632671,"stderr":true,"stdout":"Transferred 343/349 items from yolov5s.pt\n"},"type":"ws_msg"}
{"payload":{"local_timestamp":1684338637741,"stderr":true,"stdout":"\u001b[34m\u001b[1mAMP: \u001b[0mchecks passed \n"},"type":"ws_msg"}
{"payload":{"local_timestamp":1684338637745,"stderr":true,"stdout":"\u001b[34m\u001b[1moptimizer:\u001b[0m SGD(lr=0.01) with parameter groups 57 weight(decay=0.0), 60 weight(decay=0.0005), 60 bias\n"},"type":"ws_msg"}
{"payload":{"local_timestamp":1684338637837,"stderr":true,"stdout":"\r\u001b[34m\u001b[1mtrain: \u001b[0mScanning D:\\vajnoe\\python_projects\\data_yolo\\labels.cache... 19 images, 0 backgrounds, 0 corrupt: 100%|\u2588\u2588\u2588\u2588\u2588\u2588\u2588\u2588\u2588\u001b[0m"},"type":"ws_msg"}
{"payload":{"local_timestamp":1684338637838,"stderr":true,"stdout":"\r\u001b[34m\u001b[1mtrain: \u001b[0mScanning D:\\vajnoe\\python_projects\\data_yolo\\labels.cache... 19 images, 0 backgrounds, 0 corrupt: 100%|\u2588\u2588\u2588\u2588\u2588\u2588\u2588\u2588\u2588\u001b[0m"},"type":"ws_msg"}
{"payload":{"local_timestamp":1684338637839,"stderr":true,"stdout":"\n"},"type":"ws_msg"}
{"payload":{"local_timestamp":1684338638929,"stderr":true,"stdout":"\r\u001b[34m\u001b[1mval: \u001b[0mScanning D:\\vajnoe\\python_projects\\data_yolo\\labels.cache... 19 images, 0 backgrounds, 0 corrupt: 100%|\u2588\u2588\u2588\u2588\u2588\u2588\u2588\u2588\u2588\u2588|\u001b[0m"},"type":"ws_msg"}
{"payload":{"local_timestamp":1684338638931,"stderr":true,"stdout":"\r\u001b[34m\u001b[1mval: \u001b[0mScanning D:\\vajnoe\\python_projects\\data_yolo\\labels.cache... 19 images, 0 backgrounds, 0 corrupt: 100%|\u2588\u2588\u2588\u2588\u2588\u2588\u2588\u2588\u2588\u2588|\u001b[0m"},"type":"ws_msg"}
{"payload":{"local_timestamp":1684338638931,"stderr":true,"stdout":"\n"},"type":"ws_msg"}
{"payload":{"local_timestamp":1684338647681,"stderr":true,"stdout":"\n\u001b[34m\u001b[1mAutoAnchor: \u001b[0m5.94 anchors/target, 1.000 Best Possible Recall (BPR). Current anchors are a good fit to dataset \n"},"type":"ws_msg"}
{"payload":{"local_timestamp":1684338647760,"stderr":true,"stdout":"Plotting labels to runs\\train\\exp5\\labels.jpg... \n"},"type":"ws_msg"}
{"payload":{"additional_params":{"assetId":"e8f5896757cf4947a22d63a6f10a7910","context":null,"extension":"jpg","fileName":"labels.jpg","overwrite":false,"runId":null,"step":null},"clean":true,"file_path":"tmp_sqx39d4","local_timestamp":1684338657571,"metadata":{},"upload_type":"asset"},"type":"file_upload"}
{"payload":{"additional_params":{"assetId":"7919332f169545a19b7451c377d03fbe","context":null,"extension":"jpg","fileName":"labels_correlogram.jpg","overwrite":false,"runId":null,"step":null},"clean":true,"file_path":"tmpsoux2q34","local_timestamp":1684338657585,"metadata":{},"upload_type":"asset"},"type":"file_upload"}
{"payload":{"local_timestamp":1684338657588,"param":{"paramName":"cls","paramValue":0.006250000000000001,"source":"manual","step":null}},"type":"parameter_msg"}
{"payload":{"local_timestamp":1684338657590,"stderr":true,"stdout":"Image sizes 640 train, 640 val\nUsing 8 dataloader workers\nLogging results to \u001b[1mruns\\train\\exp5\u001b[0m\nStarting training for 30 epochs...\n"},"type":"ws_msg"}
{"payload":{"local_timestamp":1684338657594,"stderr":true,"stdout":"\n      Epoch    GPU_mem   box_loss   obj_loss   cls_loss  Instances       Size\n"},"type":"ws_msg"}
{"payload":{"local_timestamp":1684338657596,"stderr":true,"stdout":"\r  0%|          | 0/3 [00:00<?, ?it/s]"},"type":"ws_msg"}
{"payload":{"local_timestamp":1684338678217,"stderr":true,"stdout":"\r       0/29      1.64G     0.1226    0.05455          0         64        640:   0%|          | 0/3 [00:20<?, ?it/s]"},"type":"ws_msg"}
{"payload":{"local_timestamp":1684338684152,"stderr":true,"stdout":"\r       0/29      1.64G     0.1226    0.05455          0         64        640:  33%|\u2588\u2588\u2588\u258e      | 1/3 [00:26<00:53, 26.54"},"type":"ws_msg"}
{"payload":{"local_timestamp":1684338684546,"stderr":true,"stdout":"\r       0/29      1.72G     0.1237    0.05433          0         64        640:  33%|\u2588\u2588\u2588\u258e      | 1/3 [00:26<00:53, 26.54"},"type":"ws_msg"}
{"payload":{"local_timestamp":1684338684548,"stderr":true,"stdout":"\r       0/29      1.72G     0.1237    0.05433          0         64        640:  67%|\u2588\u2588\u2588\u2588\u2588\u2588\u258b   | 2/3 [00:26<00:11, 11.17"},"type":"ws_msg"}
{"payload":{"local_timestamp":1684338685415,"stderr":true,"stdout":"\r       0/29      1.72G     0.1236     0.0628          0         39        640:  67%|\u2588\u2588\u2588\u2588\u2588\u2588\u258b   | 2/3 [00:27<00:11, 11.17"},"type":"ws_msg"}
{"payload":{"local_timestamp":1684338685418,"stderr":true,"stdout":"\r       0/29      1.72G     0.1236     0.0628          0         39        640: 100%|\u2588\u2588\u2588\u2588\u2588\u2588\u2588\u2588\u2588\u2588| 3/3 [00:27<00:00,  6.47"},"type":"ws_msg"}
{"payload":{"local_timestamp":1684338685418,"stderr":true,"stdout":"\r       0/29      1.72G     0.1236     0.0628          0         39        640: 100%|\u2588\u2588\u2588\u2588\u2588\u2588\u2588\u2588\u2588\u2588| 3/3 [00:27<00:00,  9.27"},"type":"ws_msg"}
{"payload":{"local_timestamp":1684338685419,"stderr":true,"stdout":"\n"},"type":"ws_msg"}
{"payload":{"local_timestamp":1684338685475,"stderr":true,"stdout":"\r                 Class     Images  Instances          P          R      mAP50   mAP50-95:   0%|          | 0/2 [00:00<?"},"type":"ws_msg"}
{"payload":{"local_timestamp":1684338686447,"stderr":true,"stdout":"\r                 Class     Images  Instances          P          R      mAP50   mAP50-95:  50%|\u2588\u2588\u2588\u2588\u2588     | 1/2 [00:00<0"},"type":"ws_msg"}
{"payload":{"local_timestamp":1684338691751,"stderr":true,"stdout":"\r                 Class     Images  Instances          P          R      mAP50   mAP50-95:  50%|\u2588\u2588\u2588\u2588\u2588     | 1/2 [00:06<0"},"type":"ws_msg"}
{"payload":{"local_timestamp":1684338691752,"stderr":true,"stdout":"\n"},"type":"ws_msg"}
{"payload":{"local_timestamp":1684338691752,"stderr":true,"stdout":"Traceback (most recent call last):\n"},"type":"ws_msg"}
{"payload":{"local_timestamp":1684338691753,"stderr":true,"stdout":"  File \"C:\\Users\\Provonsal\\miniconda3\\envs\\yol\\lib\\site-packages\\torch\\utils\\data\\dataloader.py\", line 1132, in _try_get_data\n"},"type":"ws_msg"}
{"payload":{"local_timestamp":1684338691762,"stderr":true,"stdout":"    "},"type":"ws_msg"}
{"payload":{"local_timestamp":1684338691762,"stderr":true,"stdout":"data = self._data_queue.get(timeout=timeout)"},"type":"ws_msg"}
{"payload":{"local_timestamp":1684338691762,"stderr":true,"stdout":"\n"},"type":"ws_msg"}
{"payload":{"local_timestamp":1684338691763,"stderr":true,"stdout":"  File \"C:\\Users\\Provonsal\\miniconda3\\envs\\yol\\lib\\queue.py\", line 179, in get\n"},"type":"ws_msg"}
{"payload":{"local_timestamp":1684338691770,"stderr":true,"stdout":"    "},"type":"ws_msg"}
{"payload":{"local_timestamp":1684338691770,"stderr":true,"stdout":"raise Empty"},"type":"ws_msg"}
{"payload":{"local_timestamp":1684338691770,"stderr":true,"stdout":"\n"},"type":"ws_msg"}
{"payload":{"local_timestamp":1684338691771,"stderr":true,"stdout":"_queue"},"type":"ws_msg"}
{"payload":{"local_timestamp":1684338691771,"stderr":true,"stdout":"."},"type":"ws_msg"}
{"payload":{"local_timestamp":1684338691771,"stderr":true,"stdout":"Empty"},"type":"ws_msg"}
{"payload":{"local_timestamp":1684338691771,"stderr":true,"stdout":"\n"},"type":"ws_msg"}
{"payload":{"local_timestamp":1684338691772,"stderr":true,"stdout":"\nThe above exception was the direct cause of the following exception:\n\n"},"type":"ws_msg"}
{"payload":{"local_timestamp":1684338691773,"stderr":true,"stdout":"Traceback (most recent call last):\n"},"type":"ws_msg"}
{"payload":{"local_timestamp":1684338691773,"stderr":true,"stdout":"  File \"c:\\Users\\Provonsal\\source\\repos\\yolov5\\train.py\", line 642, in <module>\n"},"type":"ws_msg"}
{"payload":{"local_timestamp":1684338691774,"stderr":true,"stdout":"    "},"type":"ws_msg"}
{"payload":{"local_timestamp":1684338691774,"stderr":true,"stdout":"main(opt)"},"type":"ws_msg"}
{"payload":{"local_timestamp":1684338691774,"stderr":true,"stdout":"\n"},"type":"ws_msg"}
{"payload":{"local_timestamp":1684338691775,"stderr":true,"stdout":"  File \"c:\\Users\\Provonsal\\source\\repos\\yolov5\\train.py\", line 531, in main\n"},"type":"ws_msg"}
{"payload":{"local_timestamp":1684338691776,"stderr":true,"stdout":"    "},"type":"ws_msg"}
{"payload":{"local_timestamp":1684338691776,"stderr":true,"stdout":"train(opt.hyp, opt, device, callbacks)"},"type":"ws_msg"}
{"payload":{"local_timestamp":1684338691776,"stderr":true,"stdout":"\n"},"type":"ws_msg"}
{"payload":{"local_timestamp":1684338691776,"stderr":true,"stdout":"  File \"c:\\Users\\Provonsal\\source\\repos\\yolov5\\train.py\", line 354, in train\n"},"type":"ws_msg"}
{"payload":{"local_timestamp":1684338691777,"stderr":true,"stdout":"    "},"type":"ws_msg"}
{"payload":{"local_timestamp":1684338691777,"stderr":true,"stdout":"results, maps, _ = validate.run(data_dict,"},"type":"ws_msg"}
{"payload":{"local_timestamp":1684338691778,"stderr":true,"stdout":"\n"},"type":"ws_msg"}
{"payload":{"local_timestamp":1684338691778,"stderr":true,"stdout":"  File \"C:\\Users\\Provonsal\\miniconda3\\envs\\yol\\lib\\site-packages\\torch\\utils\\_contextlib.py\", line 115, in decorate_context\n"},"type":"ws_msg"}
{"payload":{"local_timestamp":1684338691785,"stderr":true,"stdout":"    "},"type":"ws_msg"}
{"payload":{"local_timestamp":1684338691785,"stderr":true,"stdout":"return func(*args, **kwargs)"},"type":"ws_msg"}
{"payload":{"local_timestamp":1684338691785,"stderr":true,"stdout":"\n"},"type":"ws_msg"}
{"payload":{"local_timestamp":1684338691786,"stderr":true,"stdout":"  File \"c:\\Users\\Provonsal\\source\\repos\\yolov5\\val.py\", line 198, in run\n"},"type":"ws_msg"}
{"payload":{"local_timestamp":1684338691786,"stderr":true,"stdout":"    "},"type":"ws_msg"}
{"payload":{"local_timestamp":1684338691786,"stderr":true,"stdout":"for batch_i, (im, targets, paths, shapes) in enumerate(pbar):"},"type":"ws_msg"}
{"payload":{"local_timestamp":1684338691786,"stderr":true,"stdout":"\n"},"type":"ws_msg"}
{"payload":{"local_timestamp":1684338691787,"stderr":true,"stdout":"  File \"C:\\Users\\Provonsal\\miniconda3\\envs\\yol\\lib\\site-packages\\tqdm\\std.py\", line 1178, in __iter__\n"},"type":"ws_msg"}
{"payload":{"local_timestamp":1684338691794,"stderr":true,"stdout":"    "},"type":"ws_msg"}
{"payload":{"local_timestamp":1684338691794,"stderr":true,"stdout":"for obj in iterable:"},"type":"ws_msg"}
{"payload":{"local_timestamp":1684338691794,"stderr":true,"stdout":"\n"},"type":"ws_msg"}
{"payload":{"local_timestamp":1684338691795,"stderr":true,"stdout":"  File \"c:\\Users\\Provonsal\\source\\repos\\yolov5\\utils\\dataloaders.py\", line 172, in __iter__\n"},"type":"ws_msg"}
{"payload":{"local_timestamp":1684338691795,"stderr":true,"stdout":"    "},"type":"ws_msg"}
{"payload":{"local_timestamp":1684338691795,"stderr":true,"stdout":"yield next(self.iterator)"},"type":"ws_msg"}
{"payload":{"local_timestamp":1684338691795,"stderr":true,"stdout":"\n"},"type":"ws_msg"}
{"payload":{"local_timestamp":1684338691796,"stderr":true,"stdout":"  File \"C:\\Users\\Provonsal\\miniconda3\\envs\\yol\\lib\\site-packages\\torch\\utils\\data\\dataloader.py\", line 633, in __next__\n"},"type":"ws_msg"}
{"payload":{"local_timestamp":1684338691797,"stderr":true,"stdout":"    "},"type":"ws_msg"}
{"payload":{"local_timestamp":1684338691797,"stderr":true,"stdout":"data = self._next_data()"},"type":"ws_msg"}
{"payload":{"local_timestamp":1684338691798,"stderr":true,"stdout":"\n"},"type":"ws_msg"}
{"payload":{"local_timestamp":1684338691798,"stderr":true,"stdout":"  File \"C:\\Users\\Provonsal\\miniconda3\\envs\\yol\\lib\\site-packages\\torch\\utils\\data\\dataloader.py\", line 1328, in _next_data\n"},"type":"ws_msg"}
{"payload":{"local_timestamp":1684338691800,"stderr":true,"stdout":"    "},"type":"ws_msg"}
{"payload":{"local_timestamp":1684338691800,"stderr":true,"stdout":"idx, data = self._get_data()"},"type":"ws_msg"}
{"payload":{"local_timestamp":1684338691800,"stderr":true,"stdout":"\n"},"type":"ws_msg"}
{"payload":{"local_timestamp":1684338691801,"stderr":true,"stdout":"  File \"C:\\Users\\Provonsal\\miniconda3\\envs\\yol\\lib\\site-packages\\torch\\utils\\data\\dataloader.py\", line 1284, in _get_data\n"},"type":"ws_msg"}
{"payload":{"local_timestamp":1684338691802,"stderr":true,"stdout":"    "},"type":"ws_msg"}
{"payload":{"local_timestamp":1684338691802,"stderr":true,"stdout":"success, data = self._try_get_data()"},"type":"ws_msg"}
{"payload":{"local_timestamp":1684338691802,"stderr":true,"stdout":"\n"},"type":"ws_msg"}
{"payload":{"local_timestamp":1684338691803,"stderr":true,"stdout":"  File \"C:\\Users\\Provonsal\\miniconda3\\envs\\yol\\lib\\site-packages\\torch\\utils\\data\\dataloader.py\", line 1145, in _try_get_data\n"},"type":"ws_msg"}
{"payload":{"local_timestamp":1684338691805,"stderr":true,"stdout":"    "},"type":"ws_msg"}
{"payload":{"local_timestamp":1684338691805,"stderr":true,"stdout":"raise RuntimeError('DataLoader worker (pid(s) {}) exited unexpectedly'.format(pids_str)) from e"},"type":"ws_msg"}
{"payload":{"local_timestamp":1684338691805,"stderr":true,"stdout":"\n"},"type":"ws_msg"}
{"payload":{"local_timestamp":1684338691805,"stderr":true,"stdout":"RuntimeError"},"type":"ws_msg"}
{"payload":{"local_timestamp":1684338691805,"stderr":true,"stdout":": "},"type":"ws_msg"}
{"payload":{"local_timestamp":1684338691805,"stderr":true,"stdout":"DataLoader worker (pid(s) 25524, 9104, 23192, 27876, 23704) exited unexpectedly"},"type":"ws_msg"}
{"payload":{"local_timestamp":1684338691806,"stderr":true,"stdout":"\n"},"type":"ws_msg"}
{"payload":{"local_timestamp":1684338691806,"stderr":true,"stdout":"\u001b[1;38;5;39mCOMET INFO:\u001b[0m ---------------------------------------------------------------------------------------\n"},"type":"ws_msg"}
{"payload":{"local_timestamp":1684338691807,"stderr":true,"stdout":"\u001b[1;38;5;39mCOMET INFO:\u001b[0m Comet.ml OfflineExperiment Summary\n"},"type":"ws_msg"}
{"payload":{"local_timestamp":1684338691808,"stderr":true,"stdout":"\u001b[1;38;5;39mCOMET INFO:\u001b[0m ---------------------------------------------------------------------------------------\n"},"type":"ws_msg"}
{"payload":{"local_timestamp":1684338691808,"stderr":true,"stdout":"\u001b[1;38;5;39mCOMET INFO:\u001b[0m   Data:\n"},"type":"ws_msg"}
{"payload":{"local_timestamp":1684338691809,"stderr":true,"stdout":"\u001b[1;38;5;39mCOMET INFO:\u001b[0m     display_summary_level : 1\n"},"type":"ws_msg"}
{"payload":{"local_timestamp":1684338691809,"stderr":true,"stdout":"\u001b[1;38;5;39mCOMET INFO:\u001b[0m     url                   : [OfflineExperiment will get URL after upload]\n"},"type":"ws_msg"}
{"payload":{"local_timestamp":1684338691810,"stderr":true,"stdout":"\u001b[1;38;5;39mCOMET INFO:\u001b[0m   Others:\n"},"type":"ws_msg"}
{"payload":{"local_timestamp":1684338691810,"stderr":true,"stdout":"\u001b[1;38;5;39mCOMET INFO:\u001b[0m     Created from                : YOLOv5\n"},"type":"ws_msg"}
{"payload":{"local_timestamp":1684338691811,"stderr":true,"stdout":"\u001b[1;38;5;39mCOMET INFO:\u001b[0m     comet_log_batch_metrics     : False\n"},"type":"ws_msg"}
{"payload":{"local_timestamp":1684338691811,"stderr":true,"stdout":"\u001b[1;38;5;39mCOMET INFO:\u001b[0m     comet_log_confusion_matrix  : True\n"},"type":"ws_msg"}
{"payload":{"local_timestamp":1684338691812,"stderr":true,"stdout":"\u001b[1;38;5;39mCOMET INFO:\u001b[0m     comet_log_per_class_metrics : False\n"},"type":"ws_msg"}
{"payload":{"local_timestamp":1684338691813,"stderr":true,"stdout":"\u001b[1;38;5;39mCOMET INFO:\u001b[0m     comet_max_image_uploads     : 100\n"},"type":"ws_msg"}
{"payload":{"local_timestamp":1684338691816,"stderr":true,"stdout":"\u001b[1;38;5;39mCOMET INFO:\u001b[0m     comet_mode                  : online\n"},"type":"ws_msg"}
{"payload":{"local_timestamp":1684338691816,"stderr":true,"stdout":"\u001b[1;38;5;39mCOMET INFO:\u001b[0m     comet_model_name            : yolov5\n"},"type":"ws_msg"}
{"payload":{"local_timestamp":1684338691817,"stderr":true,"stdout":"\u001b[1;38;5;39mCOMET INFO:\u001b[0m     offline_experiment          : True\n"},"type":"ws_msg"}
{"payload":{"local_timestamp":1684338691817,"stderr":true,"stdout":"\u001b[1;38;5;39mCOMET INFO:\u001b[0m   Parameters:\n"},"type":"ws_msg"}
{"payload":{"local_timestamp":1684338691818,"stderr":true,"stdout":"\u001b[1;38;5;39mCOMET INFO:\u001b[0m     anchor_t           : 4.0\n"},"type":"ws_msg"}
{"payload":{"local_timestamp":1684338691818,"stderr":true,"stdout":"\u001b[1;38;5;39mCOMET INFO:\u001b[0m     artifact_alias     : latest\n"},"type":"ws_msg"}
{"payload":{"local_timestamp":1684338691819,"stderr":true,"stdout":"\u001b[1;38;5;39mCOMET INFO:\u001b[0m     batch_size         : 8\n"},"type":"ws_msg"}
{"payload":{"local_timestamp":1684338691820,"stderr":true,"stdout":"\u001b[1;38;5;39mCOMET INFO:\u001b[0m     bbox_interval      : -1\n"},"type":"ws_msg"}
{"payload":{"local_timestamp":1684338691820,"stderr":true,"stdout":"\u001b[1;38;5;39mCOMET INFO:\u001b[0m     box                : 0.05\n"},"type":"ws_msg"}
{"payload":{"local_timestamp":1684338691821,"stderr":true,"stdout":"\u001b[1;38;5;39mCOMET INFO:\u001b[0m     bucket             : \n"},"type":"ws_msg"}
{"payload":{"local_timestamp":1684338691821,"stderr":true,"stdout":"\u001b[1;38;5;39mCOMET INFO:\u001b[0m     cache              : 1\n"},"type":"ws_msg"}
{"payload":{"local_timestamp":1684338691822,"stderr":true,"stdout":"\u001b[1;38;5;39mCOMET INFO:\u001b[0m     cfg                : \n"},"type":"ws_msg"}
{"payload":{"local_timestamp":1684338691823,"stderr":true,"stdout":"\u001b[1;38;5;39mCOMET INFO:\u001b[0m     cls                : 0.006250000000000001\n"},"type":"ws_msg"}
{"payload":{"local_timestamp":1684338691823,"stderr":true,"stdout":"\u001b[1;38;5;39mCOMET INFO:\u001b[0m     cls_pw             : 1.0\n"},"type":"ws_msg"}
{"payload":{"local_timestamp":1684338691824,"stderr":true,"stdout":"\u001b[1;38;5;39mCOMET INFO:\u001b[0m     copy_paste         : 0.0\n"},"type":"ws_msg"}
{"payload":{"local_timestamp":1684338691824,"stderr":true,"stdout":"\u001b[1;38;5;39mCOMET INFO:\u001b[0m     cos_lr             : False\n"},"type":"ws_msg"}
{"payload":{"local_timestamp":1684338691825,"stderr":true,"stdout":"\u001b[1;38;5;39mCOMET INFO:\u001b[0m     degrees            : 0.0\n"},"type":"ws_msg"}
{"payload":{"local_timestamp":1684338691825,"stderr":true,"stdout":"\u001b[1;38;5;39mCOMET INFO:\u001b[0m     device             : \n"},"type":"ws_msg"}
{"payload":{"local_timestamp":1684338691826,"stderr":true,"stdout":"\u001b[1;38;5;39mCOMET INFO:\u001b[0m     entity             : 1\n"},"type":"ws_msg"}
{"payload":{"local_timestamp":1684338691829,"stderr":true,"stdout":"\u001b[1;38;5;39mCOMET INFO:\u001b[0m     evolve             : 1\n"},"type":"ws_msg"}
{"payload":{"local_timestamp":1684338691832,"stderr":true,"stdout":"\u001b[1;38;5;39mCOMET INFO:\u001b[0m     exist_ok           : False\n"},"type":"ws_msg"}
{"payload":{"local_timestamp":1684338691833,"stderr":true,"stdout":"\u001b[1;38;5;39mCOMET INFO:\u001b[0m     fl_gamma           : 0.0\n"},"type":"ws_msg"}
{"payload":{"local_timestamp":1684338691834,"stderr":true,"stdout":"\u001b[1;38;5;39mCOMET INFO:\u001b[0m     fliplr             : 0.5\n"},"type":"ws_msg"}
{"payload":{"local_timestamp":1684338691834,"stderr":true,"stdout":"\u001b[1;38;5;39mCOMET INFO:\u001b[0m     flipud             : 0.0\n"},"type":"ws_msg"}
{"payload":{"local_timestamp":1684338691835,"stderr":true,"stdout":"\u001b[1;38;5;39mCOMET INFO:\u001b[0m     freeze             : [0]\n"},"type":"ws_msg"}
{"payload":{"local_timestamp":1684338691835,"stderr":true,"stdout":"\u001b[1;38;5;39mCOMET INFO:\u001b[0m     hsv_h              : 0.015\n"},"type":"ws_msg"}
{"payload":{"local_timestamp":1684338691836,"stderr":true,"stdout":"\u001b[1;38;5;39mCOMET INFO:\u001b[0m     hsv_s              : 0.7\n"},"type":"ws_msg"}
{"payload":{"local_timestamp":1684338691836,"stderr":true,"stdout":"\u001b[1;38;5;39mCOMET INFO:\u001b[0m     hsv_v              : 0.4\n"},"type":"ws_msg"}
{"payload":{"local_timestamp":1684338691837,"stderr":true,"stdout":"\u001b[1;38;5;39mCOMET INFO:\u001b[0m     hyp                : {\"anchor_t\": 4.0, \"box\": 0.05, \"cls\": 0.5, \"cls_pw\": 1.0, \"copy_paste\": 0.0, \"degrees\": 0.0, \"fl_gamma\": 0.0, \"fliplr\": 0.5, \"flipud\": 0.0, \"hsv_h\": 0.015, \"hsv_s\": 0.7, \"hsv_v\": 0.4, \"iou_t\": 0.2, \"lr0\": 0.01, \"lrf\": 0.01, \"mixup\": 0.0, \"momentum\": 0.937, \"mosaic\": 1.0, \"obj\": 1.0, \"obj_pw\": 1.0, \"perspective\": 0.0, \"scale\": 0.5, \"shear\": 0.0, \"translate\": 0.1, \"warmup_bias_lr\": 0.1, \"warmup_epochs\": 3.0, \"warmup_momentum\": 0.8, \"weight_decay\": 0.0005}\n"},"type":"ws_msg"}
{"payload":{"local_timestamp":1684338691838,"stderr":true,"stdout":"\u001b[1;38;5;39mCOMET INFO:\u001b[0m     image_weights      : False\n"},"type":"ws_msg"}
{"payload":{"local_timestamp":1684338691839,"stderr":true,"stdout":"\u001b[1;38;5;39mCOMET INFO:\u001b[0m     imgsz              : 640\n"},"type":"ws_msg"}
{"payload":{"local_timestamp":1684338691839,"stderr":true,"stdout":"\u001b[1;38;5;39mCOMET INFO:\u001b[0m     iou_t              : 0.2\n"},"type":"ws_msg"}
{"payload":{"local_timestamp":1684338691840,"stderr":true,"stdout":"\u001b[1;38;5;39mCOMET INFO:\u001b[0m     label_smoothing    : 0.0\n"},"type":"ws_msg"}
{"payload":{"local_timestamp":1684338691840,"stderr":true,"stdout":"\u001b[1;38;5;39mCOMET INFO:\u001b[0m     local_rank         : -1\n"},"type":"ws_msg"}
{"payload":{"local_timestamp":1684338691841,"stderr":true,"stdout":"\u001b[1;38;5;39mCOMET INFO:\u001b[0m     lr0                : 0.01\n"},"type":"ws_msg"}
{"payload":{"local_timestamp":1684338691841,"stderr":true,"stdout":"\u001b[1;38;5;39mCOMET INFO:\u001b[0m     lrf                : 0.01\n"},"type":"ws_msg"}
{"payload":{"local_timestamp":1684338691842,"stderr":true,"stdout":"\u001b[1;38;5;39mCOMET INFO:\u001b[0m     mixup              : 0.0\n"},"type":"ws_msg"}
{"payload":{"local_timestamp":1684338691843,"stderr":true,"stdout":"\u001b[1;38;5;39mCOMET INFO:\u001b[0m     momentum           : 0.937\n"},"type":"ws_msg"}
{"payload":{"local_timestamp":1684338691843,"stderr":true,"stdout":"\u001b[1;38;5;39mCOMET INFO:\u001b[0m     mosaic             : 1.0\n"},"type":"ws_msg"}
{"payload":{"local_timestamp":1684338691844,"stderr":true,"stdout":"\u001b[1;38;5;39mCOMET INFO:\u001b[0m     multi_scale        : False\n"},"type":"ws_msg"}
{"payload":{"local_timestamp":1684338691847,"stderr":true,"stdout":"\u001b[1;38;5;39mCOMET INFO:\u001b[0m     name               : exp\n"},"type":"ws_msg"}
{"payload":{"local_timestamp":1684338691847,"stderr":true,"stdout":"\u001b[1;38;5;39mCOMET INFO:\u001b[0m     noautoanchor       : False\n"},"type":"ws_msg"}
{"payload":{"local_timestamp":1684338691848,"stderr":true,"stdout":"\u001b[1;38;5;39mCOMET INFO:\u001b[0m     noplots            : False\n"},"type":"ws_msg"}
{"payload":{"local_timestamp":1684338691848,"stderr":true,"stdout":"\u001b[1;38;5;39mCOMET INFO:\u001b[0m     nosave             : False\n"},"type":"ws_msg"}
{"payload":{"local_timestamp":1684338691849,"stderr":true,"stdout":"\u001b[1;38;5;39mCOMET INFO:\u001b[0m     noval              : False\n"},"type":"ws_msg"}
{"payload":{"local_timestamp":1684338691849,"stderr":true,"stdout":"\u001b[1;38;5;39mCOMET INFO:\u001b[0m     obj                : 1.0\n"},"type":"ws_msg"}
{"payload":{"local_timestamp":1684338691850,"stderr":true,"stdout":"\u001b[1;38;5;39mCOMET INFO:\u001b[0m     obj_pw             : 1.0\n"},"type":"ws_msg"}
{"payload":{"local_timestamp":1684338691851,"stderr":true,"stdout":"\u001b[1;38;5;39mCOMET INFO:\u001b[0m     optimizer          : SGD\n"},"type":"ws_msg"}
{"payload":{"local_timestamp":1684338691851,"stderr":true,"stdout":"\u001b[1;38;5;39mCOMET INFO:\u001b[0m     patience           : 100\n"},"type":"ws_msg"}
{"payload":{"local_timestamp":1684338691852,"stderr":true,"stdout":"\u001b[1;38;5;39mCOMET INFO:\u001b[0m     perspective        : 0.0\n"},"type":"ws_msg"}
{"payload":{"local_timestamp":1684338691852,"stderr":true,"stdout":"\u001b[1;38;5;39mCOMET INFO:\u001b[0m     project            : runs\\train\n"},"type":"ws_msg"}
{"payload":{"local_timestamp":1684338691853,"stderr":true,"stdout":"\u001b[1;38;5;39mCOMET INFO:\u001b[0m     quad               : False\n"},"type":"ws_msg"}
{"payload":{"local_timestamp":1684338691854,"stderr":true,"stdout":"\u001b[1;38;5;39mCOMET INFO:\u001b[0m     rect               : False\n"},"type":"ws_msg"}
{"payload":{"local_timestamp":1684338691854,"stderr":true,"stdout":"\u001b[1;38;5;39mCOMET INFO:\u001b[0m     resume             : False\n"},"type":"ws_msg"}
{"payload":{"local_timestamp":1684338691855,"stderr":true,"stdout":"\u001b[1;38;5;39mCOMET INFO:\u001b[0m     save_dir           : runs\\train\\exp5\n"},"type":"ws_msg"}
{"payload":{"local_timestamp":1684338691855,"stderr":true,"stdout":"\u001b[1;38;5;39mCOMET INFO:\u001b[0m     save_period        : -1\n"},"type":"ws_msg"}
{"payload":{"local_timestamp":1684338691856,"stderr":true,"stdout":"\u001b[1;38;5;39mCOMET INFO:\u001b[0m     scale              : 0.5\n"},"type":"ws_msg"}
{"payload":{"local_timestamp":1684338691856,"stderr":true,"stdout":"\u001b[1;38;5;39mCOMET INFO:\u001b[0m     seed               : 0\n"},"type":"ws_msg"}
{"payload":{"local_timestamp":1684338691857,"stderr":true,"stdout":"\u001b[1;38;5;39mCOMET INFO:\u001b[0m     shear              : 0.0\n"},"type":"ws_msg"}
{"payload":{"local_timestamp":1684338691858,"stderr":true,"stdout":"\u001b[1;38;5;39mCOMET INFO:\u001b[0m     single_cls         : False\n"},"type":"ws_msg"}
{"payload":{"local_timestamp":1684338691858,"stderr":true,"stdout":"\u001b[1;38;5;39mCOMET INFO:\u001b[0m     sync_bn            : False\n"},"type":"ws_msg"}
{"payload":{"local_timestamp":1684338691859,"stderr":true,"stdout":"\u001b[1;38;5;39mCOMET INFO:\u001b[0m     translate          : 0.1\n"},"type":"ws_msg"}
{"payload":{"local_timestamp":1684338691859,"stderr":true,"stdout":"\u001b[1;38;5;39mCOMET INFO:\u001b[0m     upload_dataset     : False\n"},"type":"ws_msg"}
{"payload":{"local_timestamp":1684338691860,"stderr":true,"stdout":"\u001b[1;38;5;39mCOMET INFO:\u001b[0m     val_conf_threshold : 0.001\n"},"type":"ws_msg"}
{"payload":{"local_timestamp":1684338691863,"stderr":true,"stdout":"\u001b[1;38;5;39mCOMET INFO:\u001b[0m     val_iou_threshold  : 0.6\n"},"type":"ws_msg"}
{"payload":{"local_timestamp":1684338691863,"stderr":true,"stdout":"\u001b[1;38;5;39mCOMET INFO:\u001b[0m     warmup_bias_lr     : 0.1\n"},"type":"ws_msg"}
{"payload":{"local_timestamp":1684338691864,"stderr":true,"stdout":"\u001b[1;38;5;39mCOMET INFO:\u001b[0m     warmup_epochs      : 3.0\n"},"type":"ws_msg"}
{"payload":{"local_timestamp":1684338691864,"stderr":true,"stdout":"\u001b[1;38;5;39mCOMET INFO:\u001b[0m     warmup_momentum    : 0.8\n"},"type":"ws_msg"}
{"payload":{"local_timestamp":1684338691865,"stderr":true,"stdout":"\u001b[1;38;5;39mCOMET INFO:\u001b[0m     weight_decay       : 0.0005\n"},"type":"ws_msg"}
{"payload":{"local_timestamp":1684338691866,"stderr":true,"stdout":"\u001b[1;38;5;39mCOMET INFO:\u001b[0m     workers            : 8\n"},"type":"ws_msg"}
{"payload":{"local_timestamp":1684338691866,"stderr":true,"stdout":"\u001b[1;38;5;39mCOMET INFO:\u001b[0m   Uploads:\n"},"type":"ws_msg"}
{"payload":{"local_timestamp":1684338691867,"stderr":true,"stdout":"\u001b[1;38;5;39mCOMET INFO:\u001b[0m     asset               : 5 (263.38 KB)\n"},"type":"ws_msg"}
{"payload":{"local_timestamp":1684338691868,"stderr":true,"stdout":"\u001b[1;38;5;39mCOMET INFO:\u001b[0m     environment details : 1\n"},"type":"ws_msg"}
{"payload":{"local_timestamp":1684338691868,"stderr":true,"stdout":"\u001b[1;38;5;39mCOMET INFO:\u001b[0m     git metadata        : 1\n"},"type":"ws_msg"}
{"payload":{"local_timestamp":1684338691869,"stderr":true,"stdout":"\u001b[1;38;5;39mCOMET INFO:\u001b[0m     installed packages  : 1\n"},"type":"ws_msg"}
{"payload":{"local_timestamp":1684338691869,"stderr":true,"stdout":"\u001b[1;38;5;39mCOMET INFO:\u001b[0m \n"},"type":"ws_msg"}
{"payload":{"local_timestamp":1684338691870,"stderr":true,"stdout":"\u001b[1;38;5;214mCOMET WARNING:\u001b[0m Experiment Name is generated at upload time for Offline Experiments unless set explicitly with Experiment.set_name\n"},"type":"ws_msg"}
{"payload":{"local_timestamp":1684338691871,"stderr":true,"stdout":"\u001b[1;38;5;214mCOMET WARNING:\u001b[0m To get all data logged automatically, import comet_ml before the following modules: torch, tensorboard.\n"},"type":"ws_msg"}
{"payload":{"local_timestamp":1684338691871,"log_other":{"key":"sys.already_imported_modules","val":"[\"torch\", \"tensorboard\"]"}},"type":"ws_msg"}
